id	wa_code	import_ref	family	brand	selling_price	in_stock	title_en
7006	BF-58415	woo:58415	electronics	generic	2000.00	0	JR-PBM02 22.5W 3in1 magnetic mobile power bank 10000mAh black
7009	BF-58431	woo:58431	electronics	generic	1500.00	0	30000 mAh 30000 mAH Power Bank 22.5W PD QC3.0 AFC (JR-QP193) - Black
7010	BF-58437	woo:58437	electronics	generic	1500.00	0	Joyroom JR-QP192 20000mAh 22.5W fast charging powerbank with LCD display
7011	BF-58441	woo:58441	electronics	generic	1000.00	0	Joyroom JR-QP191 22.5W Power Bank 10000mAh With Large Digital Display Supports PD3.0;QC3.0
7012	BF-58445	woo:58445	electronics	generic	1000.00	0	Joyroom Wired Power Bank ; 10000 mAh 3 Ports ; Black ; JR-PBF12
7013	BF-58450	woo:58450	electronics	generic	1500.00	0	10000 mAh JR-PR1 22.5W Elva Series Mini Power Bank With Built-in Retractable Cable - 10000mAh Black
7014	BF-58454	woo:58454	electronics	generic	1000.00	0	Joyroom S-IW008 3-in-1 iP Watch Magnetic Charger+Lightning+Type-C cable USB-A 1.2m-
7015	BF-58459	woo:58459	electronics	generic	1500.00	0	Joyroom JR-TCL06 67W GaN Charger with Retractable Cable (Foldable Plug)-
7016	BF-58466	woo:58466	electronics	generic	800.00	0	Joyroom JR-TCF02 PD 20W Mini Intelligent EU Fast Charger with C to C Cable
7017	BF-58471	woo:58471	electronics	generic	1500.00	0	Joyroom GaN Ultra TCG01 65W 2C1A Fast Charger-Black+100W C to C Cable 1.2m
7018	BF-58477	woo:58477	electronics	generic	1800.00	0	Joyroom JR-TCM02 65W European Regulation Multi-Port Charger; Dark Gray
7019	BF-58481	woo:58481	electronics	generic	850.00	0	Joyroom JR-TCF21 20W A+C Dual-Port Charger; White
7020	BF-58486	woo:58486	electronics	generic	850.00	0	Joyroom JR-TCF20 PD20W Charger; White
7021	BF-58502	woo:58502	electronics	generic	850.00	0	JOYROOM JR-TCF20 PD20W Charger EU black
7022	BF-58506	woo:58506	electronics	generic	850.00	0	Joyroom JR-TCF02 PD 20W mini Charger-White -EU-+C-to L Cable 1m
7023	BF-58509	woo:58509	electronics	generic	850.00	0	Joyroom JR-TCF23 25W Charger; Black
7024	BF-58515	woo:58515	electronics	generic	1000.00	0	Joyroom Jr-Tcg13 45W Gan Usb-C Charger
7025	BF-58526	woo:58526	electronics	generic	850.00	0	Joyroom JR-TCG08 PD 20W Fast Charging GaN Charger Mini Power Adapter; EU Plug
7026	BF-58530	woo:58530	electronics	generic	1000.00	0	JR-TCG18 65W PD Charger EU/UK-Black
7027	BF-58534	woo:58534	electronics	generic	1000.00	0	Joyroom JR-TCF14 Charger 20W A+C Super Slim - White
7028	BF-58540	woo:58540	electronics	generic	1000.00	0	JR-TCF12 20W Dual-Port (2C) Charger-White (EU)
7030	BF-58547	woo:58547	electronics	generic	650.00	0	Joyroom Prism Series 100W Type-C to Type-C Digital Display Fast Charging Data Cable 1.2m S-CC100A16
7031	BF-58553	woo:58553	electronics	generic	650.00	0	Joyroom Prism Series 66 W Type-C to Type-C Digital Display Fast Charging Data Cable 1.2m S-CC100A16
7032	BF-58554	woo:58554	electronics	generic	650.00	0	Joyroom Prism Series 3 A Type-C to Type-C Digital Display Fast Charging Data Cable 1.2m S-CC100A16
7033	BF-58556	woo:58556	electronics	generic	650.00	0	JOYROOM S-A56 1.2m USB-A to Type-C Elbow 3A Fast Charging Cable Data Transfer Braided Cord - Black
7034	BF-58561	woo:58561	electronics	generic	650.00	0	JOYROOM S-A56 1.2m USB-A to Type-C Elbow 30 W Fast Charging Cable Data Transfer Braided Cord - Black
7035	BF-58562	woo:58562	electronics	generic	650.00	0	JOYROOM S-A56 1.2m USB-A to Type-C Elbow 60 W Fast Charging Cable Data Transfer Braided Cord - Black
7036	BF-58563	woo:58563	electronics	generic	650.00	0	JOYROOM S-A56 1.2m USB-A to Type-C Elbow 3A W Fast Charging Cable Data Transfer Braided Cord - Black
7039	BF-58570	woo:58570	electronics	generic	870.00	0	JOYROOM S-A55 StarFlight Series 3A USB to 8 Pin Auto Power-Off Fast Charging Data Cable; Length:1.2m(Black)
7040	BF-58574	woo:58574	electronics	generic	870.00	0	JOYROOM S-A55 StarFlight Series 66w USB to 8 Pin Auto Power-Off Fast Charging Data Cable; Length:1.2m(Black)
7041	BF-58578	woo:58578	electronics	generic	870.00	0	Joyroom S-A42 Crystal-Clear Series 60W Type-C to Type-C Fast Charging Data Cable;
7042	BF-58581	woo:58581	electronics	generic	870.00	0	Joyroom S-A42 Crystal-Clear Series 60W Type-C to Type-C Fast Charging Data Cable
7043	BF-58585	woo:58585	electronics	generic	870.00	0	Joyroom S-A42 Crystal-Clear Series 30W Type-C to Type-C Fast Charging Data Cable
7044	BF-58587	woo:58587	electronics	generic	870.00	0	Joyroom S-A42 Crystal-Clear Series 30W Type-C to Type-C Fast Charging Data Cable
7045	BF-58589	woo:58589	electronics	generic	870.00	0	Joyroom S-A42 Crystal-Clear Series 3A Type-C to Type-C Fast Charging Data Cable
7046	BF-58592	woo:58592	electronics	generic	870.00	0	Joyroom S-A42 Crystal-Clear Series 3AW Type-C to Type-C Fast Charging Data Cable
7047	BF-58594	woo:58594	electronics	generic	500.00	0	Joyroom SA32-CC3 Starry Series 60W Fast Charging Data Cable (Type-C to Type-C) 1m-Black
7048	BF-58597	woo:58597	electronics	generic	300.00	0	JOYROOM USB-C to USB-C CABLE 60W LONG LASTING SERIES 1M BLACK S-A9
7053	BF-58606	woo:58606	electronics	generic	500.00	0	JOYROOM S-A28 Flash Series 60W Fast Charging Data Cable
7054	BF-58611	woo:58611	electronics	generic	500.00	0	JOYROOM S-A28 Flash Series 60W Fast Charging Data Cable
7056	BF-58630	woo:58630	electronics	generic	500.00	0	JOYROOM SA26-AC3 Flash Charge Series 3A
7057	BF-58632	woo:58632	electronics	generic	630.00	0	Joyroom cable organiser JR-ZS368 magnetic black
7062	BF-58647	woo:58647	electronics	generic	500.00	0	JOYROOM S-A53 Fluorescent Series 3A Fast Charging Data Cable
7063	BF-58651	woo:58651	electronics	generic	500.00	0	JOYROOM Series A14 USB-C to USB-C 60W Cable | S-A14
7064	BF-58654	woo:58654	electronics	generic	500.00	0	Joyroom Multi-Color Series A14 3A
7065	BF-58657	woo:58657	electronics	generic	500.00	0	Joyroom S-UC027A11 Surpass Series 3A
7066	BF-58660	woo:58660	electronics	generic	500.00	0	Joyroom USB Cable - Surpass Series 30W Fast Charging Braided
7067	BF-58663	woo:58663	electronics	generic	500.00	0	Joyroom S-H151 Adapter Type-C Male to USB - Silver
7068	BF-58669	woo:58669	electronics	generic	500.00	0	Joyroom S-H151 Adapter Type-C Male to USB black
7069	BF-58687	woo:58687	electronics	generic	1500.00	0	JR-FN3 ANC+ENC True Wireless Bluetooth Earphones Black
7070	BF-58690	woo:58690	electronics	generic	1000.00	0	Joyroom JR-T03S Pro ANC-3rd Generation Luda version Normal Quality TWS Bluetooth Headset
7071	BF-58694	woo:58694	electronics	generic	1400.00	0	Joyroom JR-T03S PRO MAX Wireless Bluetooth Earphone
7072	BF-58698	woo:58698	electronics	generic	2200.00	0	Joyroom JR-JH1 Headphones Hybrid ANC Wireless
7073	BF-58703	woo:58703	electronics	generic	520.00	0	JR-EW01 3.5Mm Wired Series Half In-Ear Earphones White
7074	BF-58706	woo:58706	electronics	generic	520.00	0	JR-EW02 Wired Series Half In-Ear Wired Earphones Black
7075	BF-58709	woo:58709	electronics	generic	520.00	0	JOYROOM JR-EW03 3.5mm In-Ear Metal Wired Earphone; Length: 1.2m white
7076	BF-58712	woo:58712	electronics	generic	520.00	0	JR-ZS285 Car Phone Holder -Dashboard- -Black
7077	BF-58715	woo:58715	electronics	generic	520.00	0	JR-ZS284 Car phone holder black
7078	BF-58718	woo:58718	electronics	generic	590.00	0	Joyroom JR-ZS283 Adjastable Car Phone Holder - Black
7080	BF-58724	woo:58724	electronics	generic	590.00	0	JOYROOM JR-OK6 Car Phone Mount (Windshield)
7082	BF-58736	woo:58736	electronics	generic	650.00	0	JR-ZS431 Bike Phone Mount Holder-Black
7083	BF-58738	woo:58738	electronics	generic	650.00	0	Joyroom car phone holder with flexible arm for dashboard or windshield; black (JR-ZS259)
7084	BF-58741	woo:58741	electronics	generic	750.00	0	JR-ZS259 Mechanical Car Holder 360 Degree Rotation Long Arm Cup Version Black
7085	BF-58744	woo:58744	electronics	generic	550.00	0	Joyroom Jr-Zs259 Mechanical Car Holderdashboard- Black
7086	BF-58746	woo:58746	electronics	generic	550.00	0	Joyroom JR-ZS259 Mechanical Air Vent Car Holder - 4.7"-6.9" - Black
7087	BF-58749	woo:58749	electronics	generic	550.00	0	Joyroom Screen Protector for iPhone
7088	BF-58755	woo:58755	electronics	generic	550.00	0	Joyroom Screen Protector for iPhone 17 PRO
7089	BF-58756	woo:58756	electronics	generic	550.00	0	Joyroom Screen Protector for iPhone 17 AIR
7090	BF-58757	woo:58757	electronics	generic	550.00	0	Joyroom Screen Protector for iPhone 17
7091	BF-58758	woo:58758	electronics	generic	550.00	0	Joyroom Screen Protector for iPhone JR-MLG0276
7092	BF-58759	woo:58759	electronics	generic	550.00	0	Joyroom Screen Protector for iPhone JR-MLG0279
7093	BF-58760	woo:58760	electronics	generic	600.00	0	Joyroom Screen Protector for iPhone 17 PRO MAX
7094	BF-58763	woo:58763	electronics	generic	600.00	0	Joyroom Screen Protector for iPhone 17 AIR
7095	BF-58766	woo:58766	electronics	generic	600.00	0	Joyroom Screen Protector for iPhone 17
7096	BF-58767	woo:58767	electronics	generic	600.00	0	Joyroom Screen Protector for iPhone MLG0283
7097	BF-58768	woo:58768	electronics	generic	600.00	0	Joyroom Screen Protector for iPhone MLG0280
7098	BF-58769	woo:58769	electronics	generic	500.00	0	Joyroom Screen Protector for iPhone JR-Z24
7099	BF-58773	woo:58773	electronics	generic	500.00	0	Joyroom Screen Protector for iPhone JR-H04
7100	BF-58774	woo:58774	electronics	generic	500.00	0	Joyroom Screen Protector for iPhone JR-PF906
7101	BF-58775	woo:58775	electronics	generic	540.00	0	Privacy glass screen protector for Apple iPhone JR-Z36
7103	BF-58779	woo:58779	electronics	generic	540.00	0	Privacy glass screen protector for Apple iPhone JR-P04
7104	BF-58780	woo:58780	electronics	generic	700.00	0	Tablet Screen Protector JR-MST0158
7106	BF-58783	woo:58783	electronics	generic	700.00	0	Tablet Screen Protector JR-0160MST
7107	BF-58784	woo:58784	electronics	generic	700.00	0	Tablet Screen Protector JR-MST0159
7108	BF-58785	woo:58785	electronics	generic	700.00	0	Tablet Screen Protector JR-MST0164
7109	BF-58786	woo:58786	electronics	generic	700.00	0	Tablet Screen Protector JR-MST0161
7110	BF-58787	woo:58787	watch	generic	3500.00	0	JR-FC3 Classic Series Smartwatch - Silver and Navy blue
7111	BF-58794	woo:58794	watch	generic	5000.00	0	JR-FS1 Lady Smart Watch (Answer/Make Call)
7112	BF-58805	woo:58805	watch	generic	2700.00	0	JR-FT5 Lady Smart Watch (Answer/Make Call)
7113	BF-58808	woo:58808	watch	generic	2700.00	0	JR-FT5 PLUS Lady Smart Watch (Answer/Make Call)
7114	BF-58818	woo:58818	electronics	generic	950.00	0	JOYROOM JR-ZS432 MagSafe Wallet; Slim Magnetic Card Holder
7116	BF-58822	woo:58822	electronics	generic	650.00	0	JOYROOM BP561 3-in-1 Magnetic Passive Capacitive Stylus Pen - Black
7117	BF-58825	woo:58825	electronics	generic	650.00	0	JOYROOM BP561 3-in-1 Magnetic Passive Capacitive Stylus Pen
7119	BF-58828	woo:58828	electronics	generic	650.00	0	Joyroom jr-bp560 excellent series portable passive stylus pen - white
7120	BF-58830	woo:58830	electronics	generic	650.00	0	Joyroom jr-bp560 excellent series portable passive stylus pen
