id	wa_code	sku	title_en	missing
7010	BF-58437	NULL	Joyroom JR-QP192 20000mAh 22.5W fast charging powerbank with	no_short_desc_ar_en, no_long_desc_ar, no_gender
7011	BF-58441	NULL	Joyroom JR-QP191 22.5W Power Bank 10000mAh With Large Digita	no_short_desc_ar_en, no_long_desc_ar, no_gender
7012	BF-58445	NULL	Joyroom Wired Power Bank , 10000 mAh 3 Ports , Black , JR-PB	no_short_desc_ar_en, no_long_desc_ar, no_gender
7014	BF-58454	NULL	Joyroom S-IW008 3-in-1 iP Watch Magnetic Charger+Lightning+T	no_short_desc_ar_en, no_long_desc_ar, no_gender
7015	BF-58459	NULL	Joyroom JR-TCL06 67W GaN Charger with Retractable Cable (Fol	no_short_desc_ar_en, no_long_desc_ar, no_gender
7016	BF-58466	NULL	Joyroom JR-TCF02 PD 20W Mini Intelligent EU Fast Charger wit	no_short_desc_ar_en, no_long_desc_ar, no_gender
7017	BF-58471	NULL	Joyroom GaN Ultra TCG01 65W 2C1A Fast Charger-Black+100W C t	no_short_desc_ar_en, no_long_desc_ar, no_gender
7018	BF-58477	NULL	Joyroom JR-TCM02 65W European Regulation Multi-Port Charger,	no_short_desc_ar_en, no_long_desc_ar, no_gender
7019	BF-58481	NULL	Joyroom JR-TCF21 20W A+C Dual-Port Charger, White	no_short_desc_ar_en, no_long_desc_ar, no_gender
7020	BF-58486	NULL	Joyroom JR-TCF20 PD20W Charger, White	no_short_desc_ar_en, no_long_desc_ar, no_gender
7021	BF-58502	NULL	JOYROOM JR-TCF20 PD20W Charger EU black	no_short_desc_ar_en, no_long_desc_ar, no_gender
7022	BF-58506	NULL	Joyroom JR-TCF02 PD 20W mini Charger-White -EU-+C-to L Cable	no_short_desc_ar_en, no_long_desc_ar, no_gender
7023	BF-58509	NULL	Joyroom JR-TCF23 25W Charger, Black	no_short_desc_ar_en, no_long_desc_ar, no_gender
7024	BF-58515	NULL	Joyroom Jr-Tcg13 45W Gan Usb-C Charger	no_short_desc_ar_en, no_long_desc_ar, no_gender
7025	BF-58526	NULL	Joyroom JR-TCG08 PD 20W Fast Charging GaN Charger Mini Power	no_short_desc_ar_en, no_long_desc_ar, no_gender
7027	BF-58534	NULL	Joyroom JR-TCF14 Charger 20W A+C Super Slim - White	no_short_desc_ar_en, no_long_desc_ar, no_gender
7030	BF-58547	NULL	Joyroom Prism Series 100W Type-C to Type-C Digital Display F	no_short_desc_ar_en, no_long_desc_ar, no_gender
7031	BF-58553	NULL	Joyroom Prism Series 66 W Type-C to Type-C Digital Display F	no_short_desc_ar_en, no_long_desc_ar, no_gender
7032	BF-58554	NULL	Joyroom Prism Series 3 A Type-C to Type-C Digital Display Fa	no_short_desc_ar_en, no_long_desc_ar, no_gender
7033	BF-58556	NULL	JOYROOM S-A56 1.2m USB-A to Type-C Elbow 3A Fast Charging Ca	no_short_desc_ar_en, no_long_desc_ar, no_gender
7034	BF-58561	NULL	JOYROOM S-A56 1.2m USB-A to Type-C Elbow 30 W Fast Charging 	no_short_desc_ar_en, no_long_desc_ar, no_gender
7035	BF-58562	NULL	JOYROOM S-A56 1.2m USB-A to Type-C Elbow 60 W Fast Charging 	no_short_desc_ar_en, no_long_desc_ar, no_gender
7036	BF-58563	NULL	JOYROOM S-A56 1.2m USB-A to Type-C Elbow 3A W Fast Charging 	no_short_desc_ar_en, no_long_desc_ar, no_gender
7039	BF-58570	NULL	JOYROOM S-A55 StarFlight Series 3A USB to 8 Pin Auto Power-O	no_short_desc_ar_en, no_long_desc_ar, no_gender
7040	BF-58574	NULL	JOYROOM S-A55 StarFlight Series 66w USB to 8 Pin Auto Power-	no_short_desc_ar_en, no_long_desc_ar, no_gender
7041	BF-58578	NULL	Joyroom S-A42 Crystal-Clear Series 60W Type-C to Type-C Fast	no_short_desc_ar_en, no_long_desc_ar, no_gender
7042	BF-58581	NULL	Joyroom S-A42 Crystal-Clear Series 60W Type-C to Type-C Fast	no_short_desc_ar_en, no_long_desc_ar, no_gender
7043	BF-58585	NULL	Joyroom S-A42 Crystal-Clear Series 30W Type-C to Type-C Fast	no_short_desc_ar_en, no_long_desc_ar, no_gender
7044	BF-58587	NULL	Joyroom S-A42 Crystal-Clear Series 30W Type-C to Type-C Fast	no_short_desc_ar_en, no_long_desc_ar, no_gender
7045	BF-58589	NULL	Joyroom S-A42 Crystal-Clear Series 3A Type-C to Type-C Fast 	no_short_desc_ar_en, no_long_desc_ar, no_gender
7046	BF-58592	NULL	Joyroom S-A42 Crystal-Clear Series 3AW Type-C to Type-C Fast	no_short_desc_ar_en, no_long_desc_ar, no_gender
7047	BF-58594	NULL	Joyroom SA32-CC3 Starry Series 60W Fast Charging Data Cable 	no_short_desc_ar_en, no_long_desc_ar, no_gender
7048	BF-58597	NULL	JOYROOM USB-C to USB-C CABLE 60W LONG LASTING SERIES 1M BLAC	no_short_desc_ar_en, no_long_desc_ar, no_gender
7053	BF-58606	NULL	JOYROOM S-A28 Flash Series 60W Fast Charging Data Cable	no_short_desc_ar_en, no_long_desc_ar, no_gender
7054	BF-58611	NULL	JOYROOM S-A28 Flash Series 60W Fast Charging Data Cable	no_short_desc_ar_en, no_long_desc_ar, no_gender
7056	BF-58630	NULL	JOYROOM SA26-AC3 Flash Charge Series 3A	no_short_desc_ar_en, no_long_desc_ar, no_gender
7057	BF-58632	NULL	Joyroom cable organiser JR-ZS368 magnetic black	no_short_desc_ar_en, no_long_desc_ar, no_gender
7062	BF-58647	NULL	JOYROOM S-A53 Fluorescent Series 3A Fast Charging Data Cable	no_short_desc_ar_en, no_long_desc_ar, no_gender
7063	BF-58651	NULL	JOYROOM Series A14 USB-C to USB-C 60W Cable | S-A14	no_short_desc_ar_en, no_long_desc_ar, no_gender
7064	BF-58654	NULL	Joyroom Multi-Color Series A14 3A	no_short_desc_ar_en, no_long_desc_ar, no_gender
7065	BF-58657	NULL	Joyroom S-UC027A11 Surpass Series 3A	no_short_desc_ar_en, no_long_desc_ar, no_gender
7066	BF-58660	NULL	Joyroom USB Cable - Surpass Series 30W Fast Charging Braided	no_short_desc_ar_en, no_long_desc_ar, no_gender
7067	BF-58663	NULL	Joyroom S-H151 Adapter Type-C Male to USB - Silver	no_short_desc_ar_en, no_long_desc_ar, no_gender
7068	BF-58669	NULL	Joyroom S-H151 Adapter Type-C Male to USB black	no_short_desc_ar_en, no_long_desc_ar, no_gender
7070	BF-58690	NULL	Joyroom JR-T03S Pro ANC-3rd Generation Luda version Normal Q	no_short_desc_ar_en, no_long_desc_ar, no_gender
7071	BF-58694	NULL	Joyroom JR-T03S PRO MAX Wireless Bluetooth Earphone	no_short_desc_ar_en, no_long_desc_ar, no_gender
7072	BF-58698	NULL	Joyroom JR-JH1 Headphones Hybrid ANC Wireless	no_short_desc_ar_en, no_long_desc_ar, no_gender
7075	BF-58709	NULL	JOYROOM JR-EW03 3.5mm In-Ear Metal Wired Earphone, Length: 1	no_short_desc_ar_en, no_long_desc_ar, no_gender
7078	BF-58718	NULL	Joyroom JR-ZS283 Adjastable Car Phone Holder - Black	no_short_desc_ar_en, no_long_desc_ar, no_gender
7080	BF-58724	NULL	JOYROOM JR-OK6 Car Phone Mount (Windshield)	no_short_desc_ar_en, no_long_desc_ar, no_gender
7083	BF-58738	NULL	Joyroom car phone holder with flexible arm for dashboard or 	no_short_desc_ar_en, no_long_desc_ar, no_gender
7085	BF-58744	NULL	Joyroom Jr-Zs259 Mechanical Car Holderdashboard- Black	no_short_desc_ar_en, no_long_desc_ar, no_gender
7086	BF-58746	NULL	Joyroom JR-ZS259 Mechanical Air Vent Car Holder - 4.7"-6.9" 	no_short_desc_ar_en, no_long_desc_ar, no_gender
7087	BF-58749	NULL	Joyroom Screen Protector for iPhone	no_short_desc_ar_en, no_long_desc_ar, no_gender
7088	BF-58755	NULL	Joyroom Screen Protector for iPhone 17 PRO	no_short_desc_ar_en, no_long_desc_ar, no_gender
7089	BF-58756	NULL	Joyroom Screen Protector for iPhone 17 AIR	no_short_desc_ar_en, no_long_desc_ar, no_gender
7090	BF-58757	NULL	Joyroom Screen Protector for iPhone 17	no_short_desc_ar_en, no_long_desc_ar, no_gender
7091	BF-58758	NULL	Joyroom Screen Protector for iPhone JR-MLG0276	no_short_desc_ar_en, no_long_desc_ar, no_gender
7092	BF-58759	NULL	Joyroom Screen Protector for iPhone JR-MLG0279	no_short_desc_ar_en, no_long_desc_ar, no_gender
7093	BF-58760	NULL	Joyroom Screen Protector for iPhone 17 PRO MAX	no_short_desc_ar_en, no_long_desc_ar, no_gender
7094	BF-58763	NULL	Joyroom Screen Protector for iPhone 17 AIR	no_short_desc_ar_en, no_long_desc_ar, no_gender
7095	BF-58766	NULL	Joyroom Screen Protector for iPhone 17	no_short_desc_ar_en, no_long_desc_ar, no_gender
7096	BF-58767	NULL	Joyroom Screen Protector for iPhone MLG0283	no_short_desc_ar_en, no_long_desc_ar, no_gender
7097	BF-58768	NULL	Joyroom Screen Protector for iPhone MLG0280	no_short_desc_ar_en, no_long_desc_ar, no_gender
7098	BF-58769	NULL	Joyroom Screen Protector for iPhone JR-Z24	no_short_desc_ar_en, no_long_desc_ar, no_gender
7099	BF-58773	NULL	Joyroom Screen Protector for iPhone JR-H04	no_short_desc_ar_en, no_long_desc_ar, no_gender
7100	BF-58774	NULL	Joyroom Screen Protector for iPhone JR-PF906	no_short_desc_ar_en, no_long_desc_ar, no_gender
7114	BF-58818	NULL	JOYROOM JR-ZS432 MagSafe Wallet, Slim Magnetic Card Holder	no_short_desc_ar_en, no_long_desc_ar, no_gender
7116	BF-58822	NULL	JOYROOM BP561 3-in-1 Magnetic Passive Capacitive Stylus Pen 	no_short_desc_ar_en, no_long_desc_ar, no_gender
7117	BF-58825	NULL	JOYROOM BP561 3-in-1 Magnetic Passive Capacitive Stylus Pen	no_short_desc_ar_en, no_long_desc_ar, no_gender
7119	BF-58828	NULL	Joyroom jr-bp560 excellent series portable passive stylus pe	no_short_desc_ar_en, no_long_desc_ar, no_gender
7120	BF-58830	NULL	Joyroom jr-bp560 excellent series portable passive stylus pe	no_short_desc_ar_en, no_long_desc_ar, no_gender
