verdict	product_id	wa_code	price_list_model	title_or_item
woo_MATCHED	7006	BF-58415	JR-PBM02	JR-PBM02 22.5W 3in1 magnetic mobile power bank 10000mAh black
woo_MATCHED	7009	BF-58431	JR-QP193	30000 mAh 30000 mAH Power Bank 22.5W PD QC3.0 AFC (JR-QP193) - Black
woo_NO_MATCH	7010	BF-58437		Joyroom JR-QP192 20000mAh 22.5W fast charging powerbank with LCD display
woo_NO_MATCH	7011	BF-58441		Joyroom JR-QP191 22.5W Power Bank 10000mAh With Large Digital Display Supports PD3.0;QC3.0
woo_MATCHED	7012	BF-58445	JR-PBF12	Joyroom Wired Power Bank ; 10000 mAh 3 Ports ; Black ; JR-PBF12
woo_MATCHED	7013	BF-58450	JR-PR1	10000 mAh JR-PR1 22.5W Elva Series Mini Power Bank With Built-in Retractable Cable - 10000mAh Black
woo_NO_MATCH	7014	BF-58454		Joyroom S-IW008 3-in-1 iP Watch Magnetic Charger+Lightning+Type-C cable USB-A 1.2m-
woo_NO_MATCH	7015	BF-58459		Joyroom JR-TCL06 67W GaN Charger with Retractable Cable (Foldable Plug)-
woo_NO_MATCH	7016	BF-58466		Joyroom JR-TCF02 PD 20W Mini Intelligent EU Fast Charger with C to C Cable
woo_NO_MATCH	7017	BF-58471		Joyroom GaN Ultra TCG01 65W 2C1A Fast Charger-Black+100W C to C Cable 1.2m
woo_NO_MATCH	7018	BF-58477		Joyroom JR-TCM02 65W European Regulation Multi-Port Charger; Dark Gray
woo_NO_MATCH	7019	BF-58481		Joyroom JR-TCF21 20W A+C Dual-Port Charger; White
woo_MATCHED	7020	BF-58486	JR-TCF20	Joyroom JR-TCF20 PD20W Charger; White
woo_MATCHED	7021	BF-58502	JR-TCF20	JOYROOM JR-TCF20 PD20W Charger EU black
woo_NO_MATCH	7022	BF-58506		Joyroom JR-TCF02 PD 20W mini Charger-White -EU-+C-to L Cable 1m
woo_MATCHED	7023	BF-58509	JR-TCF23	Joyroom JR-TCF23 25W Charger; Black
woo_MATCHED	7024	BF-58515	JR-TCG13	Joyroom Jr-Tcg13 45W Gan Usb-C Charger
woo_NO_MATCH	7025	BF-58526		Joyroom JR-TCG08 PD 20W Fast Charging GaN Charger Mini Power Adapter; EU Plug
woo_MATCHED	7026	BF-58530	JR-TCG18	JR-TCG18 65W PD Charger EU/UK-Black
woo_NO_MATCH	7027	BF-58534		Joyroom JR-TCF14 Charger 20W A+C Super Slim - White
woo_NO_MATCH	7028	BF-58540		JR-TCF12 20W Dual-Port (2C) Charger-White (EU)
woo_NO_MATCH	7030	BF-58547		Joyroom Prism Series 100W Type-C to Type-C Digital Display Fast Charging Data Cable 1.2m S-CC100A16
woo_NO_MATCH	7031	BF-58553		Joyroom Prism Series 66 W Type-C to Type-C Digital Display Fast Charging Data Cable 1.2m S-CC100A16
woo_NO_MATCH	7032	BF-58554		Joyroom Prism Series 3 A Type-C to Type-C Digital Display Fast Charging Data Cable 1.2m S-CC100A16
woo_NO_MATCH	7033	BF-58556		JOYROOM S-A56 1.2m USB-A to Type-C Elbow 3A Fast Charging Cable Data Transfer Braided Cord - Black
woo_NO_MATCH	7034	BF-58561		JOYROOM S-A56 1.2m USB-A to Type-C Elbow 30 W Fast Charging Cable Data Transfer Braided Cord - Black
woo_NO_MATCH	7035	BF-58562		JOYROOM S-A56 1.2m USB-A to Type-C Elbow 60 W Fast Charging Cable Data Transfer Braided Cord - Black
woo_NO_MATCH	7036	BF-58563		JOYROOM S-A56 1.2m USB-A to Type-C Elbow 3A W Fast Charging Cable Data Transfer Braided Cord - Black
woo_NO_MATCH	7039	BF-58570		JOYROOM S-A55 StarFlight Series 3A USB to 8 Pin Auto Power-Off Fast Charging Data Cable; Length:1.2m(Black)
woo_NO_MATCH	7040	BF-58574		JOYROOM S-A55 StarFlight Series 66w USB to 8 Pin Auto Power-Off Fast Charging Data Cable; Length:1.2m(Black)
woo_MATCHED	7041	BF-58578	S-A42	Joyroom S-A42 Crystal-Clear Series 60W Type-C to Type-C Fast Charging Data Cable;
woo_MATCHED	7042	BF-58581	S-A42	Joyroom S-A42 Crystal-Clear Series 60W Type-C to Type-C Fast Charging Data Cable
woo_MATCHED	7043	BF-58585	S-A42	Joyroom S-A42 Crystal-Clear Series 30W Type-C to Type-C Fast Charging Data Cable
woo_MATCHED	7044	BF-58587	S-A42	Joyroom S-A42 Crystal-Clear Series 30W Type-C to Type-C Fast Charging Data Cable
woo_MATCHED	7045	BF-58589	S-A42	Joyroom S-A42 Crystal-Clear Series 3A Type-C to Type-C Fast Charging Data Cable
woo_MATCHED	7046	BF-58592	S-A42	Joyroom S-A42 Crystal-Clear Series 3AW Type-C to Type-C Fast Charging Data Cable
woo_NO_MATCH	7047	BF-58594		Joyroom SA32-CC3 Starry Series 60W Fast Charging Data Cable (Type-C to Type-C) 1m-Black
woo_NO_MATCH	7048	BF-58597		JOYROOM USB-C to USB-C CABLE 60W LONG LASTING SERIES 1M BLACK S-A9
woo_NO_MATCH	7053	BF-58606		JOYROOM S-A28 Flash Series 60W Fast Charging Data Cable
woo_NO_MATCH	7054	BF-58611		JOYROOM S-A28 Flash Series 60W Fast Charging Data Cable
woo_NO_MATCH	7056	BF-58630		JOYROOM SA26-AC3 Flash Charge Series 3A
woo_MATCHED	7057	BF-58632	JR-ZS368	Joyroom cable organiser JR-ZS368 magnetic black
woo_NO_MATCH	7062	BF-58647		JOYROOM S-A53 Fluorescent Series 3A Fast Charging Data Cable
woo_NO_MATCH	7063	BF-58651		JOYROOM Series A14 USB-C to USB-C 60W Cable | S-A14
woo_NO_MATCH	7064	BF-58654		Joyroom Multi-Color Series A14 3A
woo_NO_MATCH	7065	BF-58657		Joyroom S-UC027A11 Surpass Series 3A
woo_NO_MATCH	7066	BF-58660		Joyroom USB Cable - Surpass Series 30W Fast Charging Braided
woo_MATCHED	7067	BF-58663	S-H151	Joyroom S-H151 Adapter Type-C Male to USB - Silver
woo_MATCHED	7068	BF-58669	S-H151	Joyroom S-H151 Adapter Type-C Male to USB black
woo_NO_MATCH	7069	BF-58687		JR-FN3 ANC+ENC True Wireless Bluetooth Earphones Black
woo_NO_MATCH	7070	BF-58690		Joyroom JR-T03S Pro ANC-3rd Generation Luda version Normal Quality TWS Bluetooth Headset
woo_NO_MATCH	7071	BF-58694		Joyroom JR-T03S PRO MAX Wireless Bluetooth Earphone
woo_NO_MATCH	7072	BF-58698		Joyroom JR-JH1 Headphones Hybrid ANC Wireless
woo_NO_MATCH	7073	BF-58703		JR-EW01 3.5Mm Wired Series Half In-Ear Earphones White
woo_NO_MATCH	7074	BF-58706		JR-EW02 Wired Series Half In-Ear Wired Earphones Black
woo_MATCHED	7075	BF-58709	JR-EW03	JOYROOM JR-EW03 3.5mm In-Ear Metal Wired Earphone; Length: 1.2m white
woo_NO_MATCH	7076	BF-58712		JR-ZS285 Car Phone Holder -Dashboard- -Black
woo_MATCHED	7077	BF-58715	JR-ZS284	JR-ZS284 Car phone holder black
woo_NO_MATCH	7078	BF-58718		Joyroom JR-ZS283 Adjastable Car Phone Holder - Black
woo_NO_MATCH	7080	BF-58724		JOYROOM JR-OK6 Car Phone Mount (Windshield)
woo_NO_MATCH	7082	BF-58736		JR-ZS431 Bike Phone Mount Holder-Black
woo_MATCHED	7083	BF-58738	JR-ZS259	Joyroom car phone holder with flexible arm for dashboard or windshield; black (JR-ZS259)
woo_MATCHED	7084	BF-58741	JR-ZS259	JR-ZS259 Mechanical Car Holder 360 Degree Rotation Long Arm Cup Version Black
woo_MATCHED	7085	BF-58744	JR-ZS259	Joyroom Jr-Zs259 Mechanical Car Holderdashboard- Black
woo_MATCHED	7086	BF-58746	JR-ZS259	"Joyroom JR-ZS259 Mechanical Air Vent Car Holder - 4.7""-6.9"" - Black"
woo_NO_MATCH	7087	BF-58749		Joyroom Screen Protector for iPhone
woo_NO_MATCH	7088	BF-58755		Joyroom Screen Protector for iPhone 17 PRO
woo_NO_MATCH	7089	BF-58756		Joyroom Screen Protector for iPhone 17 AIR
woo_NO_MATCH	7090	BF-58757		Joyroom Screen Protector for iPhone 17
woo_NO_MATCH	7091	BF-58758		Joyroom Screen Protector for iPhone JR-MLG0276
woo_NO_MATCH	7092	BF-58759		Joyroom Screen Protector for iPhone JR-MLG0279
woo_NO_MATCH	7093	BF-58760		Joyroom Screen Protector for iPhone 17 PRO MAX
woo_NO_MATCH	7094	BF-58763		Joyroom Screen Protector for iPhone 17 AIR
woo_NO_MATCH	7095	BF-58766		Joyroom Screen Protector for iPhone 17
woo_NO_MATCH	7096	BF-58767		Joyroom Screen Protector for iPhone MLG0283
woo_NO_MATCH	7097	BF-58768		Joyroom Screen Protector for iPhone MLG0280
woo_NO_MATCH	7098	BF-58769		Joyroom Screen Protector for iPhone JR-Z24
woo_NO_MATCH	7099	BF-58773		Joyroom Screen Protector for iPhone JR-H04
woo_NO_MATCH	7100	BF-58774		Joyroom Screen Protector for iPhone JR-PF906
woo_NO_MATCH	7101	BF-58775		Privacy glass screen protector for Apple iPhone JR-Z36
woo_NO_MATCH	7103	BF-58779		Privacy glass screen protector for Apple iPhone JR-P04
woo_MATCHED	7104	BF-58780	JR-MST0158	Tablet Screen Protector JR-MST0158
woo_NO_MATCH	7106	BF-58783		Tablet Screen Protector JR-0160MST
woo_MATCHED	7107	BF-58784	JR-MST0159	Tablet Screen Protector JR-MST0159
woo_MATCHED	7108	BF-58785	JR-MST0164	Tablet Screen Protector JR-MST0164
woo_MATCHED	7109	BF-58786	JR-MST0161	Tablet Screen Protector JR-MST0161
woo_MATCHED	7110	BF-58787	JR-FC3	JR-FC3 Classic Series Smartwatch - Silver and Navy blue
woo_NO_MATCH	7111	BF-58794		JR-FS1 Lady Smart Watch (Answer/Make Call)
woo_NO_MATCH	7112	BF-58805		JR-FT5 Lady Smart Watch (Answer/Make Call)
woo_NO_MATCH	7113	BF-58808		JR-FT5 PLUS Lady Smart Watch (Answer/Make Call)
woo_MATCHED	7114	BF-58818	JR-ZS432	JOYROOM JR-ZS432 MagSafe Wallet; Slim Magnetic Card Holder
woo_NO_MATCH	7116	BF-58822		JOYROOM BP561 3-in-1 Magnetic Passive Capacitive Stylus Pen - Black
woo_NO_MATCH	7117	BF-58825		JOYROOM BP561 3-in-1 Magnetic Passive Capacitive Stylus Pen
woo_NO_MATCH	7119	BF-58828		Joyroom jr-bp560 excellent series portable passive stylus pen - white
woo_NO_MATCH	7120	BF-58830		Joyroom jr-bp560 excellent series portable passive stylus pen
pricelist_ONLY			JR-CCB01	81W Dual- Mic Car Wireless FM Transmitter -Black
pricelist_ONLY			JR-CCN01	60W 1A+1C Multi-Color
pricelist_ONLY			JR-CCN16	Mini QC+PD 15W Charger
pricelist_ONLY			JR-EC06	TYPE-C Series In- Ear Metal Wired
pricelist_ONLY			JR-EC07	TYPE-C Series Metal Half In-Ear
pricelist_ONLY			JR-EP1	Classic Wired Earphone
pricelist_ONLY			JR-HG2	Gaming Headset
pricelist_ONLY			JR-JH1	Hybrid ANC Wireless Headphon es
pricelist_ONLY			JR-K12 Pro	Active Dual- Mode Stylus Pen (Including 2 Spare Nibs)
pricelist_ONLY			JR-MJS0632 S26 ULTRA	Samsung Galaxy S26 Ultra 5G M 2.5D Full Screen Privacy Screen Protector
pricelist_ONLY			JR-MST0160	Tablet Screen Protector
pricelist_ONLY			JR-OK3	Dashboard
pricelist_ONLY			JR-PBF14	LED Power Bank 20000mAh
pricelist_ONLY			JR-PBF17	22.5W Fast Charging Power Bank with Type-C Cable 10000mAh- Black （With USB to Type-C Cable 0.25m
pricelist_ONLY			JR-PBM01	20W Magnetic Wireless Power Bank
pricelist_ONLY			JR-QP191 Mini	JR-QP191 Mini 22.5W Power Bank 10000mAh
pricelist_ONLY			JR-TCG15	30W PD mini GaN Charger
pricelist_ONLY			JR-TCL02	GaN 65W Charger with Retractable Cable(CN
pricelist_ONLY			JR-TF4	JR-TF4 18W 1M
pricelist_ONLY			JR-TF4 A-C	JR-TF4 18W 1M
pricelist_ONLY			JR-TF4 A-L	JR-TF4 18W 1M
pricelist_ONLY			JR-TF4 A-M	JR-TF4 18W 1M
pricelist_ONLY			JR-TG10	Multi USB Charger GaN65W with Cable USB-C to USB-C 100W 1.2m
pricelist_ONLY			JR-TG7 33W C-C	Dual Port Fast Charger with C-C 60W Cable
pricelist_ONLY			JR-TG7 33W C-L	Dual Port Fast Charger with C-L 30W Cable
pricelist_ONLY			JR-TO1	GaN Charger (45W)
pricelist_ONLY			JR-W050	20W Magnetic Wireless Power Bank with Built-in Cable&Kick stand 10000mAh
pricelist_ONLY			JR-W23	Qi2 4-in-1 Wireless Charger
pricelist_ONLY			JR-ZS341	Wireless Car Charger Holder with Gradient light (Air Vent)
pricelist_ONLY			Pro iP16Plus /ip15Plus/Ip1	Tempere d Glass Screen Protector (2.5D Full
pricelist_ONLY			S-A11 0.25M	Surpass Series 30W
pricelist_ONLY			S-A14 1.2	Multi- Color Series 60W Fas
pricelist_ONLY			S-A28 1m	Flash Series 3A Fast Charging Data Cable
pricelist_ONLY			SA31-C	Pioneer Series 100W 1.2m
pricelist_ONLY			S-A42 1.2m	Crystal- Clear Series 30W Fast Charging
pricelist_ONLY			S-A43	Crystal- Clear Series 60W
pricelist_ONLY			S-A51	Cutting- Edge Series 3A Fast Charging
pricelist_ONLY			S-A55 1.2m	StarFligh t Series 100W Auto Power- Off Fast Charging
pricelist_ONLY			S-A59	Vibrant Series 30W
pricelist_ONLY			S-A60	StarTalk Series 3A
pricelist_ONLY			S-A61	3 in 1 Charging Cable, Length: 1.2m
pricelist_ONLY			S-A9 1m	Long- Lasting Series 3.A 1m
pricelist_ONLY			S-A9 2m	Long- Lasting Series 3.A 2m
pricelist_ONLY			S-H152	USB male to Type-C female adapter- 2pcs
pricelist_NOT_A_SKU			"4 ProMax iP 15 Pro Max 6.7"""	Screen with Black Edge) (Privacy+ Dustproof
pricelist_NOT_A_SKU			iP11	Screen Protector High Aluminiu HD
pricelist_NOT_A_SKU			iP11Pro	Screen Protector High Aluminiu HD
pricelist_NOT_A_SKU			iP11ProMax	Screen Protector High Aluminiu HD
pricelist_NOT_A_SKU			iP12 Pro /iP12	Screen Protector High Aluminiu HD
pricelist_NOT_A_SKU			iP12 ProMax	Screen Protector High Aluminiu HD
pricelist_NOT_A_SKU			iP13Pro/ iP13/iP14/ iP16e	Screen Protector High Aluminiu HD
pricelist_NOT_A_SKU			iP14Plus/ iP13ProMax	Screen Protector High Aluminiu HD
pricelist_NOT_A_SKU			"iP 14 ProMax 6.7"")"	Screen Protector High Aluminiu HD
pricelist_NOT_A_SKU			iP 15 Pro	Screen with Black Edge) (Privacy+ Dustproof
pricelist_NOT_A_SKU			"(iP 15 Pro 6.1"")"	Screen Protector High Aluminiu HD
pricelist_NOT_A_SKU			"(iP 15 ProMax 6.7"")"	Screen Protector High Aluminiu HD
pricelist_NOT_A_SKU			iP16 /ip15/Ip14	Tempere d Glass Screen Protector (2.5D Full
pricelist_NOT_A_SKU			iP16 /ip15/Ip14 Pro	Screen Protector High Aluminiu HD
pricelist_NOT_A_SKU			iP16Plus /ip15Plus/Ip1 4 ProMax	Screen Protector High Aluminiu HD
pricelist_NOT_A_SKU			iP16 Pro	Screen Protector High Aluminiu HD
pricelist_NOT_A_SKU			iP16 ProMax	Screen Protector High Aluminiu HD
pricelist_NOT_A_SKU			iP17	Screen Protector High Aluminiu HD
pricelist_NOT_A_SKU			iP17 Air	Screen Protector High Aluminiu HD
pricelist_NOT_A_SKU			iP17Pro	Tempere d Glass Screen Protector (2.5D Full
pricelist_NOT_A_SKU			iP17ProMax	Screen Protector High Aluminiu HD
pricelist_NOT_A_SKU			MODEL NO.	ITEM
