reason	woo_id	wa_code	source_sku	name
not_imported	704		1791728-01	Men's Bennett Round 44 mm | (Ready)
not_imported	844		1791728	Men's Bennett Round 44 mm - Black - 1791728 (Ready)
not_imported	882		1791474	Tommy HIlfiger Watch For Men1791474
not_imported	891		1791723	TOMMY HILFIGER Men's Water Resistant Analog Watch 1791723
not_imported	895		1791791	Tommy Hilfiger Blue Watch for Men - Stylish Design and Water-Resistant
not_imported	896		1710383	TOMMY HILFIGERMen's Daniel Black Dial Watch 1710383
not_imported	911		1791472	Tommy HIlfiger Watch For Men  1791472
not_imported	912		1791401	Tommy Hilfiger Watch For Men  1791401
not_imported	926		1791707	Tommy HIlfiger Watch For Men  1791707
not_imported	934		1791788	Tommy HIlfiger Watch For Men  1791788
not_imported	935		1791718	Tommy HIlfiger Watch For Men 1791718
not_imported	936		1710448	Tommy HIlfiger Watch For Men-1710448
not_imported	937		1791241	TOMMY HILFIGERMen's Analog Watch 1791241
not_imported	943		1791837	Tommy HIlfiger Watch For Men -1791837
not_imported	951		1791398	Tommy HIlfiger Watch For Men  1791398
not_imported	953		1791350	Tommy HIlfiger Watch For Men 1791350
not_imported	1546		1710451	TOMMY HILFIGER Men's Leather Analog Watch
not_imported	1563		DZ4477	DIESELMen's Stainless Steel Analog Wrist Watch DZ4477
not_imported	1566		DZ7314	DIESELMen's Water Resistant Chronograph Watch DZ7314
not_imported	1568		DZ4364	DIESELMen's Chronograph Wrist Watch DZ4364
not_imported	1569		DZ4282	DIESELMen's Mega Chief Round Shape Stainless Steel Chronograph Wrist W
not_imported	1571		DZ4329	DIESELMen's Mega Chief Round Shape Stainless Steel Chronograph Wrist W
not_imported	1577		DZ7375	DIESELMen's Water Resistant Chronograph Watch Dz7375
not_imported	1580		DZ1719	DIESELMen's Water Resistant Analog Watch DZ1719
not_imported	1587		DZ4460	DIESEL Men's Mega Chief Black Dial Leather Band Watch DZ4460
not_imported	1665		1791722	Tommy HIlfiger Watch For Men 1791722
not_imported	1667		1791555	Tommy HIlfiger Watch For Men 1791555
not_imported	1668		1791476	Tommy HIlfiger Watch For Men 1791476
not_imported	1726		1710401	Tommy Hilfiger Watch For Men 1710401
not_imported	1737		1710414	Tommy HIlfiger Watch For Men  1710414
not_imported	1743		1791631	Tommy HIlfiger Watch For Men  1791631
not_imported	2548		1710417	TOMMY HILFIGER Men's Daniel Black Dial Watch
not_imported	2555		1791712	Tommy HIlfiger Watch For Men 1710418
not_imported	2556		1791778	Tommy HIlfiger  Watch For Men  1791778
not_imported	2557		1791558	Tommy HIlfiger Watch For Men  1791558
not_imported	2564		R8873612002	Maserati Watch For MenR8873612002
not_imported	2565		R8873640002	Maserati Watch For MenR8873640002
not_imported	2566		R8871637002	Maserati Watch For MenR8871637002
not_imported	2567		R8871627004	Maserati Watch For Men R8871627004
not_imported	2570		R8873633003	Maserati Watch For Men  R8873633003
not_imported	2583		R8851108027	Maserati Watch For Men R8851108027
not_imported	2589		R8871618007	Maserati Men's Leather Analog Watch R8871618007
not_imported	2590		R8853140001	Maserati Men's Stainless Steel Analog Wrist Watch R8853140001
not_imported	2593		R8871612028	Maserati Men's Traguardo Chronograph Watch R8871612028
not_imported	2604		1710452	TOMMY HILFIGER Men's Leather Analog Watch
not_imported	2609		1791538	TOMMY HILFIGER Men's Water Resistant Analog Watch
not_imported	2615		R8851121004	Maserati Men's Leather Analog Watch R8851121004
not_imported	2617		Mf0198G	MINI FOCUS Men's Stainless Steel Analog Quartz Wristwatch Mf0198G
not_imported	2620		Mf0333L	MINI FOCUS Women's Metal Analog Watch Mf0333L
not_imported	2623		Mf0037L.03	MINI FOCUS Women's Metal Analog Watch Mf0037L.03
not_imported	2624		Mf0230G-02	MINI FOCUS Men's Stainless Steel Analog Wrist Watch Mf0230G-02
not_imported	2637		1791464	TOMMY HILFIGER Men's Synthetic Analog Watch
not_imported	2649		MF0031L	Generic Girls' Alloy Chronograph Watch MF0031L
not_imported	2650		Mf0189L.04	MINI FOCUS Women's Metal Analog Watch Mf0189L.04
not_imported	2651		Mf0235L	MINI FOCUS Women's Stainless Steel Analog Watch Mf0235L
not_imported	2652		MF0120L.01	MINI FOCUS Women's Water Resistant Analog Watch MF0120L.01
not_imported	2657		Mf0120L.03	MINI FOCUS Women's Metal Analog Watch Mf0120L.03
not_imported	2658		Mf0367L	MINI FOCUS Women's Stainless Steel Analog Watch Mf0367L
not_imported	2659		MF0218G.02	MINI FOCUS Men's Stainless Steel Chronograph Clasp Watch MF0218G.02
not_imported	2660		MF0135G.10	MINI FOCUS Men's Casual Analog Wrist Watch With Date Display MF0135G.1
not_imported	2661		MF0018G-04	MINI FOCUS Men's Water Resistant Analog Watch MF0018G-04
not_imported	2704		1791399	Tommy HIlfiger Watch For Men 1791399
not_imported	2711		MF0218G-01	MINI FOCUS Men's Stainless Steel Chronograph Clasp Watch MF0218G-01
not_imported	2712		MF0035G	Generic Men's Leather Chronograph Watch MF0035G
not_imported	2713		MF0263L.03	MINI FOCUS Women's Water Resistant Analog Watch MF0263L.03
not_imported	2859		AR1828	Emporio Armani Watch  For Men AR1828
not_imported	3361		1513861	Hugo Boss Watch For Men  1513861
not_imported	3399		1513174	HUGO BOSSMen's Analog Leather Wrist Watch 1513174
not_imported	3416		1513814	Hugo Boss Watch For Men 1513814
not_imported	3425		1512961	"HUGO
Men's Chronograph Ionic Plated Steel Strap Quartz Watch 1512961"
not_imported	3460		1513581	Hugo Boss Watch For Men 1513581
not_imported	3464		1513762	Hugo Boss  Watch For Men 1513762
not_imported	3480		AR2448	"EMPORIO ARMANI
Men's Stainless Steel Chronograph Watch AR2448"
not_imported	3481		AR1808	"EMPORIO ARMANI
Men's Stainless Steel Analog Watch AR1808"
not_imported	3484		AR2470	"EMPORIO ARMANI
Men's Leather Analog Watch AR2470"
not_imported	3485		AR2461	"EMPORIO ARMANI
Men's Sportivo Analog Watch AR2461"
not_imported	3486		AR11306	"EMPORIO ARMANI
Men's Analog Stainless Steel Wrist Watch AR11306"
not_imported	3487		AR1948	"EMPORIO ARMANI
Men's Leather Analog Watch AR1948"
not_imported	3488		AR80041	Emporio Armani Black Stainless Steel Mesh Watch AR80041
not_imported	3492		AR11165	"EMPORIO ARMANI
Men's Metal Analog Wrist Watch AR11165"
not_imported	3496		AR1635	"EMPORIO ARMANI
Men's Stainless Steel Classic Watch AR1635"
not_imported	3503		AR80038	"EMPORIO ARMANI
Men's Luigi Chronograph Watch With Bracelet AR80038"
not_imported	3511		AR11144	"EMPORIO ARMANI
Men's Analog Watch AR11144"
not_imported	3517		AR1894	"EMPORIO ARMANI
Men's Chronograph Quartz Watch AR1894"
not_imported	3519		AR11165	"EMPORIO ARMANI
Men's Metal Analog Wrist Watch AR11165"
not_imported	3527		AR6072	Emporio Armani Watch For Men AR6072
not_imported	3529		AR1735	"EMPORIO ARMANI
Men's Rubber Analog Watch AR1735"
not_imported	3530		AR11018	Emporio Armani Watch For Men AR11018
not_imported	3533		AR11105	"EMPORIO ARMANI
Men's Avitor Chronograph Wrist Watch AR11105"
not_imported	3534		AR8032	"EMPORIO ARMANI
Men's Analog Wrist Watch AR8032"
not_imported	3536		AR11242	EMPORIO ARMANIMen's Mario Stainless Steel Chronograph Watch AR11242
not_imported	3553		AR11104	Emporio Armani Watch For Men AR11104
not_imported	3555		0	EMPORIO ARMANIMen's Aviator Water Resistant Chronograph Watch AR11142
not_imported	3557		AR1451	EMPORIO ARMANI Men's Chronograph Watch AR1451
not_imported	3879		test-nabil	Test Product For Nabil
collision	3895	BF-3895	1513562	Hugo Boss Watch For Men 1513562
not_imported	3928		AR1808	"EMPORIO ARMANI
Men's Classic Chronograph Watch AR1808"
collision	3929	BF-3929	AR6091	EMPORIO ARMANI Men's Stainless Steel Analog Watch AR6091
not_imported	3935		AR80041	Emporio Armani Chronograph Black Stainless Steel Mesh Watch AR80041
collision	3936	BF-3936	AR80025	EMPORIO ARMANIMen's Metal Analog Wrist Watch AR80025
collision	3937	BF-3937	AR11017	Emporio Armani Watch For Men  AR11017
not_imported	3942		AR1648	EMPORIO ARMANIMen's Stainless Steel Chronograph Buckle Watch AR1648
not_imported	3944		AR1863	Emporio Armani Watch For Men  AR1863
collision	3945	BF-3945	AR2486	Emporio Armani Watch For Men AR2486
collision	3950	BF-3950	AR11340	EMPORIO ARMANI Men Diver Water Resistance Stainless Steel Analog Watch
not_imported	3952		AR1894	EMPORIO ARMANIMen's Chronograph Quartz Watch AR1894
not_imported	3958		AR2464	EMPORIO ARMANI wristwatches mens quartz AR2464
collision	3965	BF-3965	AR11055	EMPORIO ARMANIWomen's Metal Analog Wrist Watch AR11055
collision	3969	BF-3969	AR11078	EMPORIO ARMANIMen's Leather Chronograph Watch AR11078
not_imported	3977		R8873612015	MASERATI Men's Traguardo Chronograph Watch R8873612015
not_imported	3979		R8873612002	MASERATI Men's Traguardo Stainless Steel Quartz Chronograph Watch R887
not_imported	3981		R8871627004	MASERATI Men's Leather Analog Wrist Watch R8871627004
not_imported	3982		R8871619003	MASERATI Men's Ingegno Croc Embossed Leather Quartz Chronograph Watch 
collision	3983	BF-3983	R8873621016	Maserait Watch For Men R8873621016
not_imported	3984		R8873633003	MASERATI Men's Ricordo Chronograph Watch R8873633003
not_imported	3985		R8871633002	MASERATI Men's Ricordo Chronograph Watch R8871633002
not_imported	3986		R8821108009	MASERATI Men's Leather Analog Watch R8821108009
collision	3988	BF-3988	R8873627001	MASERATI Men's Analog Stainless Steel Clasp Round Wrist Watch R8873627
not_imported	3989		R8851108027	MASERATI Men's Leather Analog Watch R8851108027
collision	3990	BF-3990	R8873621005	MASERATI Men's Successo Chronograph Watch R8873621005
collision	3991	BF-3991	R8873612003	MASERATI Men's Stainless Steel Analog Watch R8873612003
collision	3992	BF-3992	R8871612015	MASERATI Men's Leather Analog Watch R8871612015
collision	3993	BF-3993	R8851123007	MASERATI Men's Silicone Analog Watch R8851123007
not_imported	3994		R8871618007	MASERATI Men's Leather Analog Watch R8871618007
not_imported	3995		R8853140001	MASERATI Men's Stainless Steel Analog Wrist Watch R8853140001
not_imported	3996		R8871612028	MASERATI Men's Traguardo Chronograph Watch R8871612028
unexplained	3997	BF-3997	R8873619004	Maserati  Watch For MenR8873619004
collision	3998	BF-3998	R8873619002	Maserati Watch For MenR8873619002
collision	3999	BF-3999	R8873633001	Maserati Watch For MenR8873633001
not_imported	4000		R8851121004	MASERATI Men's Leather Analog Watch R8851121004
not_imported	4003		W0798G3	"GUESS
Men's Analog Quartz Watch W0798G3"
not_imported	4004		W0172G3	"GUESS
Men's Water Resistant Analog Watch W0172G3"
not_imported	4005		W0330L1	"GUESS
Women's Sunrise Analog Watch W0330L1"
not_imported	4006		GW0066G2	"GUESS
Men's Stainless Steel Clasp Analog Watch GW0066G2"
not_imported	4007		W1048G1	"GUESS
Men's Water Resistant Analog Watch W1048G1"
not_imported	4008		W0170G1	"GUESS
Men's Stainless Steel Analog Watch W0170G1"
not_imported	4009		W1249G1	"GUESS
Men's Metal Clasp Analog Watch W1249G1"
not_imported	4010		GW0011G3	"GUESS
Quartz Black Dial Black Leather Men's Watch GW0011G3"
not_imported	4011		W0801G2	"GUESS
Men's Water Resistant Stainless Steel Analog Watch W0801G2"
not_imported	4012		W1178G3	"GUESS
Women's Analog Silicone Buckle Round Wrist Watch W1178G3"
not_imported	4013		W1046G2	"GUESS
Men's Water Resistant Chronograph Watch W1046G2"
not_imported	4014		W1263G3	"GUESS
Men's Stainless Steel Analog Watch W1263G3"
not_imported	4015		W0969G1	"GUESS
Men's Water Resistant Chronograph Watch W0969G1"
not_imported	4016		W0797G1	"GUESS
Men's Water Resistant Analog Watch W0797G1"
not_imported	4017		W0380G1	"GUESS
Men's Leather Chronograph Watch W0380G1"
not_imported	4018		W0668G2	"GUESS
Men's Water Resistant Chronograph Watch W0668G2"
not_imported	4019		W0366G3	"GUESS
Men's Water Resistant Analog Watch W0366G3"
not_imported	4020		W0668G6	"GUESS
Men's Water Resistant Analog Watch W0668G6"
not_imported	4021		W0377G5	"GUESS
Men's Watch For Men-W0377G5"
not_imported	4022		W0870G2	"GUESS
Men's Water Resistant Analog Watch W0870G2"
not_imported	4023		W0659G3	"GUESS 
Men's Watch Steel Face Leather W0659G3"
not_imported	4024		GW0051G1	"GUESS
Men's Chronograph Wrist Watch GW0051G1"
not_imported	4025		GW0211G1	"GUESS
Men's Silicone Chronograph Watch GW0211G1"
not_imported	4026		W1040G2	"GUESS
Men's Casual Round Wrist Watch W1040G2"
not_imported	4027		W1305G2	"GUESS
Men's Stainless Steel Chronograph Watch W1305G2"
not_imported	4028		GW0265G4	"GUESS
Men's Metal Clasp Analog Watch GW0265G4"
not_imported	4029		W1058G3	"GUESS
Men's Analog Watch W1058G3"
not_imported	4030		W0971G3	"GUESS
Men's Fleet Water Resistant Chronograph Watch W0971G3"
not_imported	4031		W1104G2	"GUESS
Men's Water Resistant Chronograph Watch W1104G2"
not_imported	4032		W0500G1	"GUESS
Men's Leather Analog Wrist Watch W0500G1"
not_imported	4033		W0970G2	"GUESS
Men's Water Resistant Chronograph Watch W0970G2"
not_imported	4034		W0600G3	"GUESS
Men's Flagship Water Resistant Analog Watch W0600G3"
not_imported	4035		GW0051G2	"GUESS
Men's Rubber Chronograph Wrist Watch GW0051G2"
not_imported	4036		W1167G1	"GUESS
Men's Water Resistant Analog Watch W1167G1"
not_imported	4037		W0218G1	"GUESS
Men's Rigor Water Resistant Analog Watch W0218G1"
not_imported	4038		W1258G1	"GUESS
Men's Water Resistant Chronograph Watch W1258G1"
not_imported	4039		W0966G1	"GUESS
Men's Water Resistant Analog Watch W0966G1"
not_imported	4040		W1249G3	"GUESS
Men's Stainless Steel Analog Watch W1249G3"
not_imported	4041		W0598G3	"GUESS
Men's Water Resistant Chronograph Watch W0598G3"
not_imported	4042		W0379G3	"GUESS
Watch Chronograph For Men W0379G3"
not_imported	4043		W1047G2	"GUESS
Men's Water Resistant Chronograph Watch W1047G2"
not_imported	4044		W1049G3	"GUESS
Men's Silicone Analog Watch W1049G3"
not_imported	4045		U1049G9	"GUESS
Men's Silicone Analog Watch U1049G9"
not_imported	4046		GW0263G1	"GUESS
Men's Smooth Silicone Strap Watch GW0263G1"
not_imported	4047		W0366G2	"GUESS
Men's Analog Quartz Watch W0366G2"
not_imported	4048		GW0030L6	"GUESS
Women's Stainless Steel Quartz Watch with Silicone Strap GW0030L"
not_imported	4049		W1094L1	"GUESS
Women's Zena Water Resistant Chronograph Watch W1094L1"
not_imported	4050		W1053L1	"GUESS
Women's Water Resistant Analog Watch W1053L1"
not_imported	4051		W1143L1	"GUESS
Women's Stainless Steel Analog Watch W1143L1"
not_imported	4052		W1096L1	"GUESS
Women's Swirl Water Resistant Analog Watch W1096L1"
not_imported	4054		W1098L1	"GUESS
Women's Silicone Analog Watch W1098L1"
not_imported	4055		W1053L7	"GUESS
Women's Water Resistant Analog Watch W1053L7"
not_imported	4059		W1201L4	"GUESS
Women's Stainless Steel Analog Watch W1201L4"
not_imported	4060		GW0001L1	"GUESS
Women's Water Resistant Analog Watch GW0001L1"
not_imported	4073		W1083L3	GUESSWomen's Chiffon Water Resistant Analog Watch W1083L3
not_imported	4079		W0775L4	GUESSWomen's Glitter Analog Watch W0775L4
not_imported	4092		W1049G6	GUESSMen's Water Resistant Analog Watch W1049G6
not_imported	4093		W1168G3	GUESSMen's Silicone Chronograph Watch W1168G3
not_imported	4094		W0366G4	GUESSMen's Rubber Analog Wrist Watch W0366G4
not_imported	4098		AG8L89X	"ALBA
Men's Stainless Steel Analog Watch AG8L89X1"
not_imported	4099		AG8L97X	"ALBA
Men's Hand Watch ACTIVE Stainless Steel Band, Black Dial AG8L97X1"
not_imported	4100		AG8M07X1	"ALBA
Men's Stainless Steel Analog Watch AG8M07X1"
not_imported	4101		AG8M11X	ALBAMen's Hand Watch ACTIVE Black Silicone Strap , Blue Dial AG8M11X1
not_imported	4102		AM3833X	"ALBA
Men's Stainless Steel Wrist Watch AM3833X1"
not_imported	4103		AM3839X	"ALBA
Men's Hand Watch ACTIVE Stainless Steel Band, Black Dial AM3839X1"
not_imported	4104		AM3847X	"ALBA
Men's Stainless Steel Chronograph Watch AM3847X"
not_imported	4105		AM3849X	"ALBA
Men's Stainless Steel Chronograph Watch AM3849X"
not_imported	4106		AS9N54X	"ALBA
Men's Watch ACTIVE Stainless Band, Black Dial AS9N54X1"
not_imported	4107		AS9N57X	"ALBA
Men's Watch ACTIVE Stainless Steel Band, Blue Dial AS9N57X1"
not_imported	4108		AS9N61X	"ALBA
Men's Hand Watch ACTIVE Stainless Band, Silver Dial AS9N61X1"
not_imported	4109		AT3H71X	"ALBA
Men's Hand Watch ACTIVE Stainless Band, Silver Dial AT3H71X1"
not_imported	4110		AT3H73X	"ALBA
Men's Hand Watch ACTIVE Stainless Steel Band, Blue Dial AT3H73X1"
not_imported	4113		AH7AA9X	"ALBA
Ladies' Hand Watch FASHION Stainless Band, Blue Dial AH7AA9X1"
not_imported	4114		AH7AB4X	"ALBA
Ladies' Watch FASHION Stainless Band, Champagne Dial AH7AB4X1"
not_imported	9644		BQ3169	"FOSSIL
Men's Analog Wrist Watch BQ3169"
not_imported	9669		W1046G1	GUESSMen's Water Resistant Chronograph Watch W1046G1
not_imported	9685		1513083	HUGO BOSSMen's Aeroliner Water Resistant Analog Watch 1513083
not_imported	9686		1513528	HUGO BOSS Men's THEPR Analog Watch 1513528
not_imported	9687		1513694	"HUGO BOSS
Men's Water Resistant Chronograph Watch 1513694"
not_imported	9689		MK3398	Michael KorsWomen's Metal Analog Wrist Watch MK3398
not_imported	9695		W1104G2	GUESSMen's Water Resistant Chronograph Watch W1104G2
not_imported	9705		MK3418	Michael KorsWomen's Metal Analog Wrist Watch MK3418
not_imported	9706		1513754	"HUGO BOSS
Men's Metal Chronograph Wrist Watch 1513754"
not_imported	9709		1513786	HUGO BOSSMen's Analog Leather Wrist Watch 1513786
not_imported	9710		1502615	"HUGO BOSS
Women's Novia Carnation Gold Dial Watch - 1502615"
not_imported	9715		W0797G1	GUESSMen's Water Resistant Analog Watch W0797G1
not_imported	9721		R8851118501	"Maserati
Women's Leather Analog Watch R8851118501"
not_imported	9728		R8873642001	"Maserati
Men's Stainless Steel Clasp Analog Watch R8873642001"
not_imported	9729		R8871612006	MaseratiMen's Traguardo Analog Watch R8871612006
not_imported	9730		R8873621014	MaseratiMen's Stainless Steel Analog Wrist Watch R8873621014
not_imported	9739		GG-1000-1A	"G-SHOCK
Men's Mudmaster Analog/Digital Watch GG-1000-1A"
not_imported	9742		ME1098	"FOSSIL
Men's Waterproof Casual Analog Watch"
not_imported	9744		R8873640001	MaseratiMen's Stainless Steel Clasp Analog Watch R8873640001
not_imported	9794		DZ7314	DIESELMen's Mr Daddy Dual Time Chronograph Navy Blue Dial Leather Watc
not_imported	9805		GST-400G-1A9ER	"G-SHOCK
Men's G-Shock Analog/Digital Watch GST-400G-1A9ER"
not_imported	10839		ck1	Calvin Klein wallet black
not_imported	10854		per 2	sauvage perfume
not_imported	10875		ck4	Calvin Klein wallet
not_imported	10879		ck5	Calvin Klein wallet
not_imported	10884		ck6	Calvin Klein wallet
not_imported	11100		MK6556	"Michael Kors
Women's Bradshaw Analog Watch MK6556"
not_imported	11101		CH2944	"FOSSIL
Men's Wakefield Chronograph Watch CH2944"
not_imported	11102		MK3353	"Michael Kors
Women's Darci Analog Watch MK3353"
not_imported	11103		AR11169	EMPORIO ARMANI Men's Metal Analog Wrist Watch AR11169
not_imported	11104		1791421	"TOMMY HILFIGER
Men's Round Shape Metal Analog Wrist Watch 44 mm - Blue"
not_imported	11106		W0379G7	"GUESS
Men's Horizon Water Resistant Chronograph Watch W0379G7"
not_imported	11107		MK6523	"Michael Kors
Women's Water Resistant Chronograph Watch MK6523"
not_imported	11108		FS4812	FOSSILMen's Grant Chronograph Watch FS4812 - 44 mm - Black
not_imported	11109		ES3712	"FOSSIL
Women's Stainless Steel Analog Wrist Watch ES3712"
not_imported	11110		JR1487	"FOSSIL
Men's Leather Chronograph Wrist Watch JR1487 - 42 mm - Brown"
not_imported	11113		MK6555	"Michael Kors
Women's Stainless Steel Analog Watch"
not_imported	11115		TH1791137	TOMMY HILFIGER Men's Water-Resistant Chronograph Watch TH1791137
not_imported	11117		HB1513441	Men's Casual Chronograph Watch HB1513441
not_imported	11118		FS5297	FOSSILMen's Grant Leather Chronograph Watch FS5297 - 44 mm - Brown
not_imported	11131		Sun-06	New collection sunglasses inspired by Dior
not_imported	11137		Sun-05	New collection of sunglasses INSPIRED BY PRADA
not_imported	11140		Sun-04	New collection of sunglasses INSPIRED BY DITA
not_imported	11144		Sun-03	New Collection of Sunglasses
not_imported	11150		Sun-02	New collection of sunglasses INSPIRED BY DIOR
not_imported	11375		3	leather wallet inspired by tommy
not_imported	11578		AX2700	Armani Exchange Men's Analog Dress Watch AX2700
not_imported	11579		AR11363	EMPORIO ARMANI Men's Chronograph Round Quartz Wrist Watch AR11360
not_imported	11581		AR11165	EMPORIO ARMANI Men's Metal Analog Wrist Watch AR11165
not_imported	11582		AR4902	EMPORIO ARMANI Men's Super Meccanico Chronograph Watch AR4902
not_imported	11583		AR1733	EMPORIO ARMANI men Leather Chronograph Watch AR1733
not_imported	11584		Ax2707	Armani Exchange Women's Analog Stainless Steel Clasp Round Wrist Watch
not_imported	11585		AR1737	EMPORIO ARMANI Men's Classic Chronograph Watch AR1737 - 41 mm - Black
not_imported	11586		AX2611	Armani Exchange Men's Drexler Chronograph Watch AX2611
not_imported	11587		AX2800	Armani ExchangeMen's Water Resistant Analog Watch AX2800
not_imported	11588		Ar1840	EMPORIO ARMANI Women's Gianni T-BAR Water-Resistant Analog Watch Ar184
not_imported	11589		AR1926	Emporio Armani Watch  For Women AR1926 -
not_imported	11590		AR5857	EMPORIO ARMANI Men's Chronograph Watch AR5857
not_imported	11591		AR11209	EMPORIO ARMANI Men's Giovanni Water Resistant Chronograph Watch AR1120
not_imported	11592		AX2600	Armani Exchange Men's Stainless Steel Analog Watch AX2600
not_imported	11593		AR2513	EMPORIO ARMANI Men's Chronograph Leather Quartz Watch AR2513
not_imported	11594		AR1808	EMPORIO ARMANI Men's Classic Chronograph Watch AR1808
not_imported	11595		AX1609	Armani Exchange Men's Leather Chronograph Buckle Watch AX1609
not_imported	11596		Ax2646	Armani Exchange Men's Analog Stainless Steel Clasp Round Wrist Watch A
not_imported	11597		AX1327	Armani Exchange men Analog Quartz Watch AX1327
not_imported	11598		AX2902	Armani Exchange Men's Rocco Matte Stainless Steel Analog Watch AX2902 
not_imported	11599		Ax2714	Armani Exchange Men's Analog Stainless Steel Clasp Round Wrist Watch A
not_imported	11600		AX1813	Armani Exchange Men's Chronograph Quartz Watch AX1813
not_imported	11601		Ar11091	Armani Exchange Women's Stainless Steel Chronograph Clasp Watch 11091
not_imported	11602		AX7105	Armani Exchange men Resin Analog Watch AX7105
not_imported	11603		AX1326	Armani ExchangeMen's Rubber Chronograph Watch AX1326
not_imported	11604		AX1607	Armani ExchangeMen's Chronograph Analog Quartz Watch AX1607
not_imported	11605		Ax2722	Armani Exchange Men's Analog Stainless Steel Clasp Round Wrist Watch A
not_imported	11606		AX2098	Armani Exchangemen Water Resistant Chronograph Watch AX2098
not_imported	11607		AX2601	Armani Exchange Men's Chronograph Quartz Watch AX2601
not_imported	11608		AX4327	Armani Exchange Women's Stainless Steel Chronograph Wrist Watch AX4327
not_imported	11609		AX2801	Armani Exchange men Water Resistant Analog Watch AX2801 - 44 mm - Gold
not_imported	11610		Ax2808	Armani Exchange Men's Analog Leather Buckle Round Wrist Watch Ax2808
not_imported	11611		AX1604	Armani Exchange Men's Chronograph Analog Quartz Watch AX1604
not_imported	11612		AX2093	Armani Exchange Men's Chronograph Analog Quartz Watch AX2093
not_imported	11614		AX2602	Armani Exchangemen Water Resistant Analog Watch AX2602
not_imported	11615		AR2434	EMPORIO ARMANI Men's Stainless Steel Analog Watch AR2434
not_imported	11616		Ar 11226	EMPORIO ARMANI Men's Analog Leather Wrist Watch Ar 11226
not_imported	11617		AR6088	EMPORIO ARMANIMen's Stainless Steel Chronograph Watch AR6088
not_imported	11618		AR0389	EMPORIO ARMANIMen's Metal Analog Wrist Watch AR0389
not_imported	11619		Ar1164	EMPORIO ARMANI Men's Stainless Steel Analog Watch Ar1164
not_imported	11620		Ar1941	EMPORIO ARMANI Men's Leather Analog Watch Ar1941
not_imported	11621		Ar 2434	EMPORIO ARMANI Men's Analog Stainless Steel Wrist Watch Ar 2434
not_imported	11622		AR2433	EMPORIO ARMANI Men's Water Resistant Chronograph Watch AR2433
not_imported	11623		Ar2507	EMPORIO ARMANI Women's Stainless Steel Analog Watch Ar2507
not_imported	11624		Ar 1648	EMPORIO ARMANI Men's Analog Stainless Steel Wrist Watch Ar 1648
not_imported	11625		Ar1725	EMPORIO ARMANI Women's Stainless Steel Analog Watch Ar1725
not_imported	11626		ar1971	EMPORIO ARMANI Men's Leather Buckle Analog Watch ar1971
not_imported	11627		Ar 5998	EMPORIO ARMANI Men's Analog Stainless Steel Wrist Watch Ar 5998
not_imported	11628		AR11123	EMPORIO ARMANI Men's Water Resistant Leather Chronograph Watch AR11123
not_imported	11629		AR11023	EMPORIO ARMANI Men's Casual Analog Watch AR11023
not_imported	11630		AR11059	EMPORIO ARMANI women Water Resistant Metal Analog Watch AR11059
not_imported	11631		AR60888	EMPORIO ARMANI Men's Stainless Steel Chronograph Watch AR6088
not_imported	11632		AR1811	EMPORIO ARMANI men Stainless Steel Chronograph Watch AR1811
not_imported	11633		AR11106	EMPORIO ARMANI Men's Leather Chronograph Watch AR11106
not_imported	11635		AR1925	EMPORIO ARMANI Women's Water Resistant Analog Watch AR1925
not_imported	11636		Ar8033	EMPORIO ARMANI Men's Stainless Steel Analog Watch Ar8033
not_imported	11638		ar11047	EMPORIO ARMANI Men's Stainless Steel Chronograph Watch AR11047
not_imported	11639		Ar1807	EMPORIO ARMANI men Leather Analog Watch Ar1807
not_imported	11640		AR8032	EMPORIO ARMANI Men's Analog Wrist Watch AR8032
not_imported	14225		1791117	"TOMMY HILFIGER 
Men's Leather Analog Watch 1791117"
not_imported	14232		ar5918	EMPORIO ARMANI Men's Leather Buckle Analog Watch ar5918
not_imported	14233		AR11383	EMPORIO ARMANIMen's Chronograph Wrist Watch AR11383 - 43 mm - Silver
not_imported	14234		AR2067	EMPORIO ARMAN women Casual Analog Wrist Watch AR2067
not_imported	14235		AR11428	EMPORIO ARMANI Men's Luigi Round Shape Stainless Steel Chronograph Wri
not_imported	14236		AR2498	EMPORIO ARMANI men Chronograph Watch AR2498
not_imported	14237		AR2458	EMPORIO ARMANI men Water Resistant Chronograph Watch AR2458
not_imported	14238		AR11141	EMPORIO ARMANI Men's Water Resistant Chronograph Watch AR11141
not_imported	14239		AR5983	EMPORIO ARMANI Men's Stainless Steel Chronograph Watch AR5983
not_imported	14240		AR11045	EMPORIO ARMANI Men's Stainless Steel Analog Watch Ar11045
not_imported	14241		AR1721	EMPORIO ARMANI Men's Stainless Steel Chronograph Buckle Watch AR1721
not_imported	14242		AR1677	EMPORIO ARMANI Men's Stainless Steel Analog Watch AR1677
not_imported	14243		AR2432	EMPORIO ARMANI men Chronograph Quartz Watch AR2432
not_imported	14244		AR11315	EMPORIO ARMANI Men's Essential Analog Watch AR11315
not_imported	14245		Ar11027	EMPORIO ARMANI Men's Analog Stainless Steel Clasp Round Wrist Watch Ar
not_imported	14246		AR2477	EMPORIO ARMANI Men's Water Resistant Analog Watch AR2477
not_imported	14247		Ar2478	EMPORIO ARMANI Men's Stainless Steel Analog Watch Ar2478
not_imported	14251		AR2485	EMPORIO ARMANI Men's Analog Stainless Steel Wrist Watch Ar 2485
not_imported	14252		AR1949	EMPORIO ARMANI Men's Fabric Analog Watch AR1949
not_imported	14253		AR2472	EMPORIO ARMANI Men's Stainless Steel Analog Watch AR2472
not_imported	14254		Ax2121	EMPORIO ARMANI Men's Stainless Steel Analog Watch Ax2121
not_imported	14255		AR11133	EMPORIO ARMANI Men's Leather Analog Wrist Watch AR11133
not_imported	14256		AR1974	EMPORIO ARMAN IMen's Metal Chronograph Watch AR1974
not_imported	14257		Ar1942	EMPORIO ARMANI Men's Stainless Steel Analog Watch Ar1942
not_imported	14410		AR11227	EMPORIO ARMANI Men's Water Resistant Analog Watch AR11227
not_imported	14411		Ar2505	EMPORIO ARMANI Men's Analog Stainless Steel Clasp Round Wrist Watch Ar
not_imported	14412		Ar1933	EMPORIO ARMANI Men's Stainless Steel Analog Watch Ar1933
not_imported	14413		AR6131	EMPORIO ARMANI Men's Chronograph Wrist Watch AR6131
not_imported	14414		ar6090	EMPORIO ARMANI Men's Stainless Steel Chronograph Clasp Watch ar6090
not_imported	14415		AR2514	EMPORIO ARMANImen Water Resistant Analog Watch AR2514
not_imported	14416		AR6092	EMPORIO ARMANI Men's Casual Analog Watch AR6092
not_imported	14417		AR1934	EMPORIO ARMANI Men's Analog Wrist Watch AR1934
not_imported	14450		AR11264	EMPORIO ARMANI Men's Aviator Chronograph Watch AR11264 - 43 mm - Black
not_imported	14451		AR60012	EMPORIO ARMANI Men's Luigi Water Resistant Analog Watch AR60012
not_imported	14452		AR0339	EMPORIO ARMANI Men's Classic Water Resistant Analog Watch AR0339
not_imported	14453		Ar11349	EMPORIO ARMANI Men's Ceramic Chronograph Ar11349 For Men
not_imported	14454		ar11076	EMPORIO ARMANI Men's Stainless Steel Analog Watch ar11076
not_imported	14455		AR11219	EMPORIO ARMANI men Water Resistant Analog Watch AR11219
not_imported	14456		AR0397	EMPORIO ARMANI Men's Leather Chronograph Buckle Watch AR0397
not_imported	14457		AR11332	EMPORIO ARMANI Men's Stainless steel Clasp Analog Watch AR11332
not_imported	14458		AR11361	EMPORIO ARMANI Men's Diver Round Shape Stainless Steel Chronograph Wri
not_imported	14459		AR1868	EMPORIO ARMANI men Water Resistant Analog Watch AR1868
not_imported	14468		1	Tommy Hilfiger Men's Rojo Sneaker
not_imported	14511		1791563	TOMMY HILFIGER men Leather Chronograph Buckle Watch 1791563
not_imported	14512		1791781	TOMMY HILFIGER Men's Bennett Blue Dial Watch 1791781
not_imported	14513		1791548	TOMMY HILFIGER Men's Water Resistant Leather Analog Watch 1791548
not_imported	14514		1791609	TOMMY HILFIGER men Stainless Steel Chronograph Watch 1791609
not_imported	14517		1710436	TOMMY HILFIGER Men's Leather Analog Wrist Watch 1710436
not_imported	14518		1791972	Tommy HIlfiger Watch For Men 1791972
not_imported	14519		1782128	TOMMY HILFIGER Women's Round Shape Metal Analog Wrist Watch 37 mm - Go
not_imported	14520		1782124	TOMMY HILFIGER Women's Stainless Steel Analog Watch 1782124
not_imported	14521		1782120	TOMMY HILFIGER Women's Water Resistant Analog Watch 1782120
not_imported	14522		1781943	TOMMY HILFIGER women Jenna Analog Watch 1781943
not_imported	14523		1782200	TOMMY HILFIGER Women's Haven Silicone Analog Wrist Watch 1782200
not_imported	14526		Ar11245	EMPORIO ARMANI Women's Stainless Steel Analog Watch Ar11245
not_imported	14527		AR11289	EMPORIO ARMANI men Aviator Chronograph Watch AR11289
not_imported	14528		Ar11132	EMPORIO ARMANI Men's Analog Stainless Steel Clasp Round Wrist Watch Ar
not_imported	14529		ar6130	EMPORIO ARMANI Men's Leather Chronograph Buckle Watch ar6130
not_imported	14530		AR11092	EMPORIO ARMANI Women's Water Resistant Metal analog Watch AR11092 - 31
not_imported	14531		Ax1815	EMPORIO ARMANI Men's Stainless Steel Analog Watch Ax1815
not_imported	14532		AR11212	EMPORIO ARMANI Men's Water Resistant Analog Watch AR11212
not_imported	14533		AR1975	EMPORIO ARMANI Men's Water Resistant Chronograph Watch AR1975
not_imported	14534		AR70001	EMPORIO ARMANI Men's Mario Water Resistant Analog Chronograph Watch AR
not_imported	14535		Ar1907	EMPORIO ARMANI Women's Stainless Steel Analog Watch Ar1907
not_imported	14626		Ar0399	EMPORIO ARMANI Men's Stainless Steel Analog Watch Ar0399
not_imported	14627		Ar11110	EMPORIO ARMANI Women's Stainless Steel Analog Watch Ar11110
not_imported	14628		AR60029	EMPORIO ARMANI Men's Stainless Steel Clasp Analog Watch AR60029 Automa
not_imported	14630		AR1787	EMPORIO ARMANI Men's Stainless Steel Chronograph Watch AR1787
not_imported	14631		AR11143	EMPORIO ARMANI Men's Aviator Water Resistant Chronograph Watch AR11143
not_imported	14632		AR11048	EMPORIO ARMANI Men's Water Resistant Chronograph Watch AR11048
not_imported	14633		AR1983	EMPORIO ARMANI men Leather Analog Watch AR1983 Automatic
not_imported	14634		AR60024	EMPORIO ARMANI Men's Aviator Water Resistance Stainless Steel Analog W
not_imported	14635		AR5989	EMPORIO ARMANI Men's Sportivo Chronograph Watch AR5989
not_imported	14636		AR11216	EMPORIO ARMANI men Renato Water Resistant Analog Watch AR11216
not_imported	14637		AR60032	EMPORIO ARMAN IMen's Luigi Water Resistance Leather Analog Watch AR600
not_imported	14638		AR2460	EMPORIO ARMANI Men's Water Resistant Chronograph Watch AR2460
not_imported	14639		Ar6073	EMPORIO ARMANI Men's Water Resistant Analog Watch Ar6073 - 46 mm - Sil
not_imported	14723		IN 00023	Invicta Automatic Pro Diver Stainless Steel Watch, Silver
not_imported	14725		IN 00040	Invicta Reserve Venom Swiss Ronda Z60 Caliber Men's Watch - 51mm, Gold
not_imported	14726		in 00031	Invicta Subaqua Swiss Ronda Z60 Caliber Men's Watch - 55.45mm, Rose Go
not_imported	14727		in 00032	Invicta Watch Invicta 37268 Carbon Hawk Men 54.7 carbon fiber stainles
not_imported	14728		in 00034	Invicta Watch 23658 Carbon Hawk Men 54
not_imported	14729		in 00035	Watch Invicta 82654 Carbon Hawk Men 55
not_imported	14730		in 00037	Invicta Invincible Mens Wirstwatch Quartz 52mm Luminous Undefeated Lux
not_imported	14731		in 00038	Invicta Coalition Forces Automatic Men's Watch - 48mm, Black
not_imported	14732		in 00039	Invicta Men's Reserve Quartz Watch with Stainless Steel Strap, Silver,
not_imported	14733		in 00041	Invicta Subaqua Swiss Ronda Z60 Caliber Men's Watch - 55.45mm, Steel, 
not_imported	14734		in 00042	Invicta Men's Pro Diver Japanese Automatic Watch
not_imported	14735		in 00043	Invicta Men's 19429 S1 Rally Quartz Chronograph Black Dial Watch
not_imported	14736		in 00044	Invicta Men's 50mm Empire Dragon Automatic Crystal Accented Sapphire C
not_imported	14737		in 00045	Invicta Renewed Invicta Bolt Thunderbolt Swiss Ronda Z60 Caliber Men's
not_imported	14738		in 00046	Invicta Men's 'Bolt' Quartz Stainless Steel and Silicone Casual Watch,
not_imported	14739		in 00047	Invicta S1 Rally 25080 Men's Automatic Watch - 50mm
not_imported	14740		in 00048	Invicta Subaqua Noma IV Men
not_imported	14741		in 00049	Invicta Bolt Swiss Ronda Z60 Caliber Men's Watch - 53mm,
not_imported	14742		in 00050	Invicta Bolt Thunderbolt Swiss Ronda Z60 Caliber Men's Watch w/ Mother
not_imported	14743		in 00051	Invicta Reserve Bolt Zeus Men
not_imported	14744		in 00052	Invicta Reserve Bolt Zeus Men Model 14195
not_imported	14745		in 00053	Invicta Marvel Spiderman men Model 25688
not_imported	14746		in 00054	Invicta 12905 Men's Subaqua Noma
not_imported	14747		in 00055	Invicta Reserve Propeller Swiss Ronda Z60 Caliber Men's Watch w/ Mothe
not_imported	14873		1710501	Tommy HIlfiger Watch For Men 1710501
not_imported	14874		1791400	Tommy HIlfiger Watch For Men 1791400
not_imported	14883		1791964	TOMMY HILFIGER Men's Owen Black Dial Watch - 1791964
not_imported	14888		1791695	Tommy Hilfiger Watch For Men  1791695
not_imported	14971		1710502	Tommy Hilfiger Watch For Men  1710502
not_imported	15010		1791965	Tommy Hilfiger Watch For Men - 1791965
not_imported	15015		1791985	Tommy Hilfiger Watch For Men 1791985
not_imported	15016		1791971	Tommy Hilfiger Watch For Men   1791971
not_imported	15030		1791970	Tommy Hilfiger  Watch For Men - 1791970
not_imported	15034		1710504	Tommy Hilfiger  Watch Men 1710504
not_imported	15038		1791556	Tommy Hilfiger Watch For Men  1791556
not_imported	15251		1791921	Tommy HIlfiger Watch Men 1791921
not_imported	15252		1791917	Tommy Hilfiger Men's Quartz Stainless Steel and Link Bracelet Watch, C
not_imported	15253		1791920	Tommy Hilfiger Watch For Men  - 1791920
not_imported	15259		MK7297	Michael Kors Watch for Women  MK7297
not_imported	15437		GW0203G2	GUESS men’s Chronograph rubber watch gw0203g2
not_imported	15631		1781893	TOMMY HILFIGER Women's Round Shape Metal Analog Wrist Watch - Blue - 1
not_imported	15651		1513582	Men's Contemporary Sport Chronograph Watch 1513582
not_imported	15652		1513676	Men's Stainless Steel Analog Watch 1513676
not_imported	15653		1513959	"BOSS
men’s Chronograph rubber watcH 1513959"
not_imported	15654		1513920	"BOSS
men’s analog leather watcH 1513920"
not_imported	15655		1513922	Hugo Boss Watch For Men 1513922
not_imported	15656		1513856	Hugo Boss Watch For Men 1513856
not_imported	15658		1513921	Hugo Boss 1513921 Allure Watch
not_imported	15659		1513968	"HUGO BOSS
Admiral Men's Silicone Wrist Watch 1513968"
not_imported	15660		1513912	Hugo Boss Watch For Men 1513912
not_imported	15661		1513961	Hugo Boss Mesh Steel Black Dial Men's Multi-function Watch - 1513961
not_imported	15663		1513950	BOSS 1513950 Volane Chronograph Mens Watch 45mm 5ATM
not_imported	15666		1512965	Hugo Boss Men’s Chronograph Quartz Stainless Steel Black Dial 46mm Wat
not_imported	15667		1513280	1513280' | CHRONOGRAPH LEATHER STRAP QUARTZ WATCH
not_imported	15739		MK6209	"Michael Kors
Women's Water Resistant Analog Watch MK6209"
not_imported	15862		THS001	TOMMY HILFIGER Men's Leather Shoes THS001
not_imported	15863		THS002	TOMMY HILFIGER Men's Leather Shoes THS002
not_imported	15864		THS003	TOMMY HILFIGER Men's Leather and Sued Shoes THS003
not_imported	15865		THS004	TOMMY HILFIGER Men's Leather Shoes THS004
not_imported	15866		THS005	TOMMY HILFIGER Men's Leather Dark Blue Shoes THS005
not_imported	15867		THS006	TOMMY HILFIGER Men's Green Oil Fabric Shoes THS006
not_imported	15868		THS007	TOMMY HILFIGER Men's dark blue Fabric Shoes THS007
not_imported	15869		THS008	TOMMY HILFIGER Men's Leather Shoes THS008
not_imported	15870		THS009	TOMMY HILFIGER Men's Dark Blue Leather Shoes THS009
not_imported	15871		THS010	TOMMY HILFIGER Men's Leather and Sued Shoes THS010
not_imported	15872		THS011	TOMMY HILFIGER Men's Leather Shoes THS011
not_imported	15873		THS012	TOMMY HILFIGER Men's Dark Brown Leather Shoes THS012
not_imported	15874		THS013	TOMMY HILFIGER Men's Leather Shoes THS013
not_imported	15875		THS014	TOMMY HILFIGER Men's Brown Leather Shoes THS014
not_imported	15876		THS015	TOMMY HILFIGER Men's Leather Shoes THS015
not_imported	15877		THS016	TOMMY HILFIGER Men's Leather Shoes Engraved With Tommy Hilfiger Logo T
not_imported	15878		THS017	TOMMY HILFIGER Women's Leather Shoes Engraved THS017
not_imported	15879		THS018	TOMMY HILFIGER Women's Leather Shoes THS018
not_imported	15880		THS019	GUESS Women's Leather and Sued Shoes GUS019
not_imported	15881		THS020	TOMMY HILFIGER Women's Leather and Sued Shoes THS020
not_imported	15882		GUS021	GUEES Women's Leather Shoes GUS021
not_imported	15883		GUS022	GUEES Women's Leather White Shoes GUS022
not_imported	15884		GUS023	GUESS Men's Leather and Sued Shoes Engraved With Logo Guess GUS023
not_imported	15885		GUS024	"""GUESS Women's Leather Shoes GUS024"""
not_imported	15886		GUS025	"""GUESS Women's Leather Black Shoes GUS025"""
not_imported	15887		GUS026	"""GUESS Women's Leather Shoes With Logo Guess GUS026"""
not_imported	15888		GUS027	"""GUESS Women's Leather Shoes With Logo Guess GUS027"""
not_imported	15889		GUS028	GUESS Women's Leather Shoes With Logo Guess GUS028
not_imported	15969		1710503	Tommy HIlfiger  Watch fro Men- 1710503
not_imported	15970		1791987	Tommy HIlfiger Watch For Men 1791987
not_imported	16024		1710499	Tommy HIlfiger Watch For Men - 1710499
not_imported	16078		1791966	Tommy HIlfiger Watch For Men - 1791966
not_imported	16156		1791947	Tommy HIlfiger Watch For Men - 1791947
not_imported	16170		1710387	Tommy HIlfiger Watch For Men 1710387
not_imported	16175		1782122	"TOMMY HILFIGER
Women's Stainless Steel Chronograph Watch 1782122"
not_imported	16455		1791984	Tommy HIlfiger Watch For Men - 1791984
not_imported	16790		1791898	Tommy HIlfiger Watch For Men  1791898 + Gift perfume tester 30 ml
not_imported	17205		1513878	Hugo Bosss Watch For Men , 1513878
not_imported	17222		1512735	"HUGO BOSS
Men's Chronograph Wrist Watch 1512735"
not_imported	17673		MK 3356	Michael Kors Women's Water Resistant Analog Watch MK3356
not_imported	17795		MK6952	Michael Kors Watch for Women MK6952
not_imported	17796		MK6953	Michael Kors Watch for Women MK6953
not_imported	17918		MK 3723	Michael Kors Women's Stainless Steel Watch Mk3723
not_imported	17988		mk7214	Michael Kors Women Stainless Steel Analog Wrist Watch mk7214
not_imported	17989		gw0489g2	"Guess
Men Stainless Steel Analog Wrist Watch gw0489g2"
not_imported	17990		1513999	"Boss
Men Stainless Steel Analog Wrist Watch 1513999"
not_imported	17991		1513926	"Boss
Men Leather Analog Wrist Watch 1513926"
not_imported	17992		mk4723	Michael Kors Watch for Women mk4723
not_imported	17994		1791897	Tommy Hilfiger Watch For Men 1791897
not_imported	17995		1792035	Tommy Hilfiger Watch For Men  1792035
not_imported	18196		mk 6937	Michael Kors Watch for Women MK6937
not_imported	18960		sn001	Generic rectangular sunglasses inspired by Rayban sn001
not_imported	18962		sn003	Generic rectangular sunglasses inspired by Rayban sn003
not_imported	18963		sn004	Generic rectangular sunglasses inspired by Rayban sn004
not_imported	18964		sn005	Generic rectangular sunglasses inspired by Rayban sn005
not_imported	18966		sn007	Generic rectangular sunglasses inspired by Rayban sn007
not_imported	18967		sn008	Generic rectangular sunglasses inspired by Rayban sn008
not_imported	18968		sn010	Generic rectangular sunglasses inspired by Rayban sn010
not_imported	18970		sn012	Generic rectangular sunglasses inspired by Rayban sn012
not_imported	18971		sn013	Generic rectangular sunglasses inspired by Rayban sn013
not_imported	18973		sn015	Generic rectangular sunglasses inspired by Rayban sn015
not_imported	18974		sn016	Generic rectangular sunglasses inspired by Rayban sn016
not_imported	18975		sn017	Generic rectangular sunglasses inspired by Rayban sn017
not_imported	18977		sn019	Generic round sunglasses inspired by Rayban sn019
not_imported	19193		sn009	Generic oval sunglasses inspired by Rayban sn009
not_imported	19194		sn022	Generic octagon sunglasses inspired by Rayban sn022
not_imported	19196		sn024	Generic octagon sunglasses inspired by Rayban sn024
not_imported	19199		sn027	Generic octagon sunglasses inspired by Rayban sn027
not_imported	19200		sn028	Generic oval sunglasses inspired by Rayban sn028
not_imported	19201		sn029	Generic oval sunglasses inspired by Rayban sn029
not_imported	19203		sn031	Generic oval sunglasses inspired by Rayban sn031
not_imported	19204		sn032	Generic oval sunglasses inspired by Rayban sn032
not_imported	19205		sn033	Generic oval sunglasses inspired by Rayban sn033
not_imported	19207		sn035	Generic round sunglasses inspired by Rayban sn035
not_imported	19209		sn037	Generic rectangular sunglasses inspired by Rayban sn037
not_imported	19210		sn038	Generic rectangular sunglasses inspired by Rayban sn038
not_imported	19211		sn039	Generic rectangular sunglasses inspired by Rayban sn039
not_imported	19212		sn040	Generic rectangular sunglasses inspired by Rayban sn040
not_imported	19213		sn041	Generic rectangular sunglasses inspired by Rayban sn041
not_imported	19454		sn042	Generic unisex square sunglasses inspired by Rayban sn042
not_imported	19455		sn043	Generic square sunglasses inspired by Rayban sn043
not_imported	19457		sn045	Generic square sunglasses inspired by Rayban sn045
not_imported	19458		sn046	Generic square sunglasses inspired by Rayban sn046
not_imported	19459		sn047	Generic round sunglasses inspired by Rayban sn047
not_imported	19460		sn048	Generic oval sunglasses inspired by Rayban sn048
not_imported	19461		sn049	Generic oval sunglasses inspired by Rayban sn049
not_imported	19462		sn050	Generic oval sunglasses inspired by Rayban sn050
not_imported	19463		sn051	Generic oval sunglasses inspired by Rayban sn051
not_imported	19464		sn052	Generic Semi-Rimless sunglasses inspired by Rayban sn052
not_imported	19465		sn053	Generic oval sunglasses inspired by Rayban sn053
not_imported	19466		sn054	Generic oval sunglasses inspired by Rayban sn054
not_imported	19467		sn055	Generic oval sunglasses inspired by Rayban sn055
not_imported	19468		sn056	Generic rectangular sunglasses inspired by Rayban sn056
not_imported	19470		sn058	Generic oval sunglasses inspired by Rayban sn058
not_imported	19471		sn059	Generic oval sunglasses inspired by Rayban sn059
not_imported	19472		sn060	Generic rectangular sunglasses inspired by Rayban sn060
not_imported	19473		sn061	Generic oval sunglasses inspired by Rayban sn061
not_imported	19474		sn056-1	Generic rectangular sunglasses inspired by Rayban sn056-1
not_imported	19523		AR 1828	Emporio Armani Watch For Men AR1828
not_imported	19528		AR 11349	Emporio Armani Watch For Men Ar11349
not_imported	19529		AR 2448	Emporio Armani Watch For Men AR2448
not_imported	19673		AR 60030	Emporio Armani Automatic Blue Dial Men's Watch AR60030
not_imported	19720		AR 1807	Emporio Armani Watch For Men Ar1807
not_imported	19776		AR 11348	EMPORIO ARMANI Men's Stainless Steel Analog Watch Ar11348
not_imported	19914		Ar 0389	EMPORIO ARMANI Men's Metal Analog Wrist Watch AR0389
not_imported	20028		sn062	Generic men Rectangular sunglasses inspired by Lacoste sn062
not_imported	20029		sn063	Generic men Rectangular sunglasses inspired by Lacoste sn063
not_imported	20030		sn064	Generic men Rectangular sunglasses inspired by Lacoste sn064
not_imported	20031		sn065	Generic men Rectangular sunglasses inspired by Lacoste sn065
not_imported	20032		sn066	Generic men Rectangular sunglasses inspired by Lacoste sn066
not_imported	20033		sn067	Generic men oval sunglasses inspired by Lacoste sn067
not_imported	20034		sn068	Generic men oval sunglasses inspired by Lacoste sn068
not_imported	20035		sn069	Generic men oval sunglasses inspired by Lacoste sn069
not_imported	20036		sn070	Generic men oval sunglasses inspired by Lacoste sn070
not_imported	20038		sn072	Generic men Rectangular sunglasses inspired by Lacoste sn072
not_imported	20039		sn073	Generic men Rectangular sunglasses inspired by Lacoste sn073
not_imported	20041		sn075	Generic men round sunglasses inspired by Lacoste sn075
not_imported	20042		sn076	Generic men oval sunglasses inspired by Lacoste sn076
not_imported	20043		sn077	Generic men oval sunglasses inspired by Lacoste sn077
not_imported	20187		AR 6091	EMPORIO ARMANIMen's Water Resistant Chronohgraph Watch AR6091
not_imported	20271		Ar 11164	EMPORIO ARMANI Men's Analog Stainless Steel Wrist Watch AR11164
not_imported	20277		sg1	Generic men Octagonal sunglasses sg1
not_imported	20278		sg2	Generic men Octagonal sunglasses sg2
not_imported	20279		sg3	Generic men Octagonal sunglasses sg3
not_imported	20280		sg4	Generic men square sunglasses sg4
not_imported	20281		sg5	Generic men square sunglasses sg5
not_imported	20282		sg6	Generic men square sunglasses sg6
not_imported	20284		sg-10	Generic women cat eye sunglasses sg-10
not_imported	20285		sg9	Generic women cat eye sunglasses sg9
not_imported	20287		sg11	Generic men square sunglasses sg11
not_imported	20288		sg12	Generic men square sunglasses sg12
not_imported	20289		sg13	Generic Unisex square sunglasses sg13
not_imported	20290		sg14	Generic men square sunglasses sg14
not_imported	20291		sg15	Generic men square sunglasses sg15
not_imported	20292		sg16	Generic unisex square sunglasses sg16
not_imported	20293		sg17	Generic men square sunglasses sg17
not_imported	20294		sg18	Generic men square sunglasses sg18
not_imported	20295		sg19	Generic unisex round sunglasses sg19
not_imported	20296		sg20	Generic unisex round sunglasses sg20
not_imported	20297		sg21	Generic unisex round sunglasses sg21
not_imported	20298		sg22	Generic unisex round sunglasses sg22
not_imported	20299		sg23	Generic unisex round sunglasses sg23
not_imported	20564		sg24	Generic women sunglasses sg24
not_imported	20565		sg25	Generic women sunglasses sg25
not_imported	20566		sg26	Generic women sunglasses sg26
not_imported	20567		sg27	Generic women sunglasses sg27
not_imported	20568		sg28	Generic women sunglasses sg28
not_imported	20569		sg29	Generic women sunglasses sg29
not_imported	20570		sg30	Generic women sunglasses sg30
not_imported	20571		sg31	Generic women sunglasses sg31
not_imported	20572		sg32	Generic women sunglasses sg32
not_imported	20573		sg33	Generic men sunglasses sg33
not_imported	20574		sg34	Generic women sunglasses sg34
not_imported	20575		sg35	Generic women sunglasses sg35
not_imported	20576		sg36	Generic women sunglasses sg36
not_imported	20577		sg37	Generic women sunglasses sg37
not_imported	20578		sg38	Generic women sunglasses sg38
not_imported	20579		sg39	Generic men sunglasses sg39
not_imported	20580		sg40	Generic men sunglasses sg40
not_imported	20581		sg41	Generic men sunglasses sg41
not_imported	20582		sg42	Generic men sunglasses sg42
not_imported	20583		sg43	Generic women sunglasses sg43
not_imported	20584		sg44	Generic women sunglasses sg44
not_imported	20585		sg46	Generic women sunglasses sg46
not_imported	20586		sg47	Generic women sunglasses sg47
not_imported	20587		sg48	Generic women sunglasses sg48
not_imported	20640		Fs 4925	Fossil Men's FS4925 Grant Chronograph Stainless Steel Watch with Dark 
not_imported	20847		sn078	Generic sn078 men sunglasses
not_imported	20850		sn081	Generic sn081 men sunglasses
not_imported	20851		sn082	Generic sn082 men sunglasses
not_imported	20853		sn084	Generic sn084 men sunglasses
not_imported	20854		sn084-1	Generic sn084-1 men sunglasses
not_imported	20855		sn085	Generic sn085 men sunglasses
not_imported	20856		sn086	Generic sn086 men sunglasses
not_imported	20857		sn087	Generic sn087 men sunglasses
not_imported	20859		sn089	Generic sn089 men sunglasses
not_imported	20860		sn090	Generic sn090 men sunglasses
not_imported	20861		sn091	Generic sn091 men sunglasses
not_imported	20864		sn094	Generic sn094 men sunglasses
not_imported	20865		sn095	Generic sn095 men sunglasses
not_imported	20868		sn098	Generic sn098 men sunglasses
not_imported	21200		sn100	Generic men sunglasses sn100
not_imported	21201		sn101	Generic men sunglasses sn101
not_imported	21204		sn104	Generic men sunglasses sn104
not_imported	21206		sn106	Generic men sunglasses sn106
not_imported	21208		sn108	Generic men sunglasses sn108
not_imported	21212		sn111	Generic men sunglasses sn111
not_imported	21213		sn112	Generic men sunglasses sn112
not_imported	21215		sn114	Generic men sunglasses sn114
not_imported	21216		sn115	Generic men sunglasses sn115
not_imported	21218		sn117	Generic men sunglasses sn117
not_imported	21219		sn118	Generic men sunglasses sn118
not_imported	21255		FS 4836	Fossil FS4836 Analog White Dial Unisex's Watch
not_imported	21259		FS5979	Fossil FS5979 Inscription Men's Watch with Square Case and Stainless S
not_imported	21393		sn121	Generic men sunglasses inspired by Lacoste sn121
not_imported	21395		sn123	Generic men sunglasses inspired by Lacoste sn123
not_imported	21403		sn131	Generic men sunglasses inspired by Louis Vuitton sn131
not_imported	21410		sn138	Generic men sunglasses inspired by Louis Vuitton sn138
not_imported	21411		sn139	Generic men sunglasses inspired by Louis Vuitton sn139
not_imported	21642		sn147	Generic women sunglasses inspired by Louis Vuitton sn147
not_imported	21711		GW 0066G2	GUESS GW0066G2 Men's Stainless Steel Clasp Analog Watch
not_imported	21715		GW 0074G1	GUESS GW0074G1 Women's Stainless Steel Analog Watch
not_imported	21773		sn161	Generic Women sunglasses Inspired By Louis Vuitton sn161
not_imported	21778		sn165	Generic Unisex sunglasses Inspired By Louis Vuitton sn165
not_imported	22030		sn174	Generic men sunglasses Inspired By Louis Vuitton sn174
not_imported	22036		sn182	Generic women sunglasses Inspired By Louis Vuitton sn182
not_imported	22037		sn183	Generic women sunglasses Inspired By Louis Vuitton sn183
not_imported	22039		sn185	Generic women sunglasses Inspired By Louis Vuitton sn185
not_imported	22042		sn188	Generic Unisex sunglasses Inspired By Louis Vuitton sn188
not_imported	22043		sn188-1	Generic Unisex sunglasses Inspired By Louis Vuitton sn188-1
not_imported	22136		sn191	Generic men sunglasses Inspired By Gucci sn191
not_imported	22137		sn192	Generic men sunglasses Inspired By Gucci sn192
not_imported	22139		sn194	Generic men sunglasses Inspired By Gucci sn194
not_imported	22146		sn201	Generic men sunglasses Inspired By Gucci sn201
not_imported	22367		sn216	Generic men sunglasses Inspired By Gucci sn216
not_imported	22369		sn221	Generic men sunglasses Inspired By Gucci sn221
not_imported	22371		sn223	Generic men sunglasses Inspired By Gucci sn223
not_imported	22372		sn224	Generic men sunglasses Inspired By Gucci sn224
not_imported	22373		sn225	Generic men sunglasses Inspired By Gucci sn225
not_imported	22374		sn226	Generic men sunglasses Inspired By Gucci sn226
not_imported	22375		sn227	Generic men sunglasses Inspired By Gucci sn227
not_imported	22405		sn230	Generic men sunglasses Inspired By Gucci sn230
not_imported	22408		sn233	Generic men sunglasses Inspired By Gucci sn233
not_imported	22410		sn235	Generic men sunglasses Inspired By Gucci sn235
not_imported	22417		sn242	Generic women sunglasses Inspired By Gucci sn242
not_imported	22635		1792071	Tommy Hilfiger Watch For Men 1792071
not_imported	22636		1792070	Tommy Hilfiger Watch For Men  1792070
not_imported	22722		sn246	Generic men sunglasses Inspired By Gucci sn246
not_imported	22723		sn247	Generic men sunglasses Inspired By Gucci sn247
not_imported	22724		sn248	Generic men sunglasses Inspired By Gucci sn248
not_imported	22725		sn249	Generic men sunglasses Inspired By Gucci sn249
not_imported	22730		sn254	Generic Women sunglasses Inspired By Gucci sn254
not_imported	22734		sn258	Generic Women sunglasses Inspired By Gucci sn258
not_imported	22735		sn259	Generic Women sunglasses Inspired By Gucci sn259
not_imported	23035		sn284	Generic women sunglasses Inspired By Gucci sn284
not_imported	23036		sn285	Generic women sunglasses Inspired By Gucci sn285
not_imported	23043		sn292	Generic women sunglasses Inspired By Gucci sn292
not_imported	23198		sn295	Generic Unisex sunglasses Inspired By Dior sn295
not_imported	23199		sn296	Generic Unisex sunglasses Inspired By Dior sn296
not_imported	23200		sn297	Generic Unisex sunglasses Inspired By Dior sn297
not_imported	23203		sn301	Generic Unisex sunglasses Inspired By Dior sn301
not_imported	23216		sn314	Generic women sunglasses Inspired By Dior sn314
not_imported	23387		1791899	Tommy HIlfiger Watch For Men 1791899
not_imported	23390		1791917-1	TOMMY HILFIGER 1791917 Men’s Analog Stainless steel Wrist Watch
not_imported	23392		1791879	Tommy HIlfiger Watch For Men1791879
not_imported	23395		1792062	Tommy HIlfiger Watch For Men1792062
not_imported	23429		1513755	Hugo Boss Watch For Men 1513755
not_imported	23523		sn331	Generic Unisex sunglasses Inspired By Dior sn331
not_imported	23583		1791711	Tommy Hilfiger Watch For Men1791711
not_imported	23656		sn334	Generic women sunglasses Inspired By Dior sn334
not_imported	23657		sn335	Generic women sunglasses Inspired By Dior sn335
not_imported	23659		sn337	Generic men sunglasses Inspired By Dior sn337
not_imported	23660		sn338	Generic men sunglasses Inspired By Dior sn338
not_imported	23668		sn346	Generic unisex sunglasses Inspired By Dior sn346
not_imported	23670		sn348	Generic women sunglasses Inspired By Dior sn348
not_imported	23762		sn366	Generic men sunglasses Inspired By Dior sn366
not_imported	23763		sn367	Generic Unisex sunglasses Inspired By Dior sn367
not_imported	24303		sn398	Generic women sunglasses Inspired By Chanel sn398
not_imported	24305		sn400	Generic women sunglasses Inspired By Chanel sn400
not_imported	24309		sn404	Generic women sunglasses Inspired By Chanel sn404
not_imported	24312		sn407	Generic women sunglasses Inspired By Chanel sn407
not_imported	24313		sn408	Generic women sunglasses Inspired By Chanel sn408
not_imported	24444		sn411	Generic women sunglasses Inspired By Chanel sn411
not_imported	24817		sn467	Generic men sunglasses Inspired By MAYBACH sn467
not_imported	24896		1792018	Tommy HIlfiger  Watch For Men1792018
not_imported	24898		1792027	Tommy HIlfiger  Watch For Men  1792027
not_imported	24969		1792001	Tommy HIlfiger Watch For Men 1792001
not_imported	24974		GW0500G1	GUESS GW0500G1 Men's Leather Analog Watch
not_imported	25020		MF0254L.02	Mini Focus Brand Watch Women Rose Gold MF0254L.02
not_imported	25066		G-SB1	GUESS Women's Crossbody Sling Shoulder Bag  G-SB1
not_imported	25068		CK-TB1	Calvin Klein PVC Bag For Women,Multi Color - Tote Bags CK-TB1
not_imported	25348		1792063	Tommy HIlfiger For Men  1792063
not_imported	25825		CH3067	Men's Water Resistant Chronograph Watch CH3067
not_imported	25880		sn476	Generic Unisex Sunglasses Inspired By CARTIER sn476
not_imported	25882		sn478	Generic Unisex Sunglasses Inspired By CARTIER sn478
not_imported	26226		MF0244G	Mini Focus Mens Watches Military Sports Watch Silicon Band Quartz Watc
not_imported	26227		MF0244-01	Men Watch, MF MINI FOCUS Chronograph Waterproof Sport Analog Quartz Wa
not_imported	26229		MF0244-03	Men Watch, MF MINI FOCUS Chronograph Waterproof Sport Analog Quartz Wa
not_imported	26234		MF0282G.01	Mini Focus Two-tone Stainless Steel Silver Dial Chronograph Quartz Wat
not_imported	26481		MK4711	Michael Kors Watch for Women MK4711
not_imported	26482		MK4718	Michael Kors Watch for Women MK4718
not_imported	26514		B2231GWH	IBSOًLuxury Brand Women White Analogue Watch B2231GWH
not_imported	26515		ibso 1794	Luxury Brand Women Ballon Bleu  Automatic 39mm stainless steel watch
not_imported	26516		ibso 1735	Luxury Brand Women Quartz Watches Square Dial Casual Watches Dress Ana
not_imported	26539		SK005	Skemi Men's Sports Watch with Digital Dial, Chronograph Display and Re
not_imported	26543		MF0399G.01	Mini Focus Men's Watch Fashion Sport Wrist Watches Silicon Strap Quart
not_imported	26691		mf0463g.03	MINI FOCUS Men's Stainless Steel Chronograph Watch mf0463g.03
not_imported	26961		sn512	Generic Women Sunglasses Inspired By CELINE sn512
not_imported	26966		sn517	Generic Men Sunglasses Inspired By GIVENCHY sn517
not_imported	26974		sn525	Generic Women Sunglasses Inspired By HERMES sn525
not_imported	27253		sn529	Generic Men Sunglasses Inspired By MONT BLANC sn529
not_imported	27254		sn530	Generic Men Sunglasses Inspired By MONT BLANC sn530
not_imported	27267		sn542	Generic Men Sunglasses Inspired By TOMFORD sn542
not_imported	27271		sn546	Generic Women Sunglasses Inspired By TOMFORD sn546
not_imported	27272		sn547	Generic Men Sunglasses Inspired By TOMFORD sn547
not_imported	27273		sn548	Generic Men Sunglasses Inspired By TOMFORD sn548
not_imported	27559		sn554	Generic Women Sunglasses Inspired By DOLCE&amp;GABBANA sn554
not_imported	27567		sn562	Generic Men Sunglasses Inspired By DOLCE&amp;GABBANA sn562
not_imported	27578		sn573	Generic Men Sunglasses Inspired By POLICE sn573
not_imported	27588		sn583	Generic Men Sunglasses Inspired By POLICE sn583
not_imported	27589		sn584	Generic Men Sunglasses Inspired By POLICE sn584
not_imported	27596		sn591	Generic Men Sunglasses Inspired By POLICE sn591
not_imported	27667		1710492	Tommy HIlfiger  Watch For Men  1710492
not_imported	27669		1710494	Tommy HIlfiger  Watch Men 1710494
not_imported	27814		sn595	Generic Women Sunglasses Inspired By BURBERRY sn595
not_imported	27818		sn599	Generic Women Sunglasses Inspired By BURBERRY sn599
not_imported	27821		sn602	Generic Men Sunglasses Inspired By BURBERRY sn602
not_imported	27831		sn612	Generic Men Sunglasses Inspired By FERRAGAMO sn612
not_imported	27840		sn621	Generic Men Sunglasses Inspired By FERRAGAMO sn621
not_imported	27918		MK6937	Michael Kors MK6937 Women's  Stainless Steel Chronograph Wrist Watch
not_imported	27919		MK6938	Michael Kors Watch for Women MK6938
not_imported	28039		1513988	HUGO BOSS 1513924 Men's  Leather Chronograph  Wrist Watch
not_imported	28198		sn627	Generic Unisex Sunglasses Inspired By DITA sn627
not_imported	28212		sn642	Generic Unisex Sunglasses Inspired By DITA sn642
not_imported	28249		1710503 +GIFT	Tommy HIlfiger  Watch For Men - 1710503 + Gift perfume Tester 30 ml
not_imported	28250		1791987+GIFT	Tommy HIlfiger Watch For Men 1791987 + Gift perfume Tester 30 ml
not_imported	28280		1710499 + GIFT	Tommy HIlfiger Watch For Men  - 1710499 + Gift perfume Tester 30 ml
not_imported	28311		1791966 + GIFT	Tommy HIlfiger Watch For Men  - 1791966 + Gift perfume Tester 30 ml
not_imported	28335		1791947 + GIFT	Tommy HIlfiger Watch For Men - 1791947 + Gift perfume Tester 30 ml
not_imported	28363		1710387 + GIFT	Tommy HIlfiger Watch For Men  1710387 + Gift perfume Tester 30 ml
not_imported	28390		1791984 + GIFT	Tommy HIlfiger Watch For Men - 1791984 + Gift perfume Tester 30 ml
not_imported	28418		1791898 + GIFT	Tommy HIlfiger Watch For Men 1791898 + Gift perfume Tester 30 ml
not_imported	28635		sn662	Generic Women Sunglasses Inspired By PRADA sn662
not_imported	28638		sn665	Generic Women Sunglasses Inspired By PRADA sn665
not_imported	28644		sn671	Generic Women Sunglasses Inspired By PRADA sn671
not_imported	28876		Mk6170	Michael Kors women Stainless Steel Analog Watch Mk6170 + Gift perfume 
not_imported	28898		mk6937 + GIFT	Michael Kors Watch for Women MK6937 + Gift perfume Tester 30 ml
not_imported	28899		mk5876 + GIFT	Michael Kors Women's Metal Analog Wrist Watch MK5876 + Gift perfume Te
not_imported	28957		MK5295	Michael Kors Women's MK5295 Sport Chronograph Pink Watch + Gift perfum
not_imported	29002		mk8183 + GIFT	Michael Kors Men's Rubber Analog Watch MK8183 + Gift perfume Tester 30
not_imported	29003		mk3969 + GIFT	Michael Kors Women's Metal Analog Wrist Watch MK3969 + Gift perfume Te
not_imported	29007		mk5890 + GIFT	Michael Kors Women's MK5890 Mercer Pink Silicone Watch + Gift perfume 
not_imported	29106		sn673	Generic Unisex Sunglasses Inspired By VERSACE sn673
not_imported	29110		sn676	Generic Women Sunglasses Inspired By VERSACE sn676
not_imported	29111		sn677	Generic Women Sunglasses Inspired By VERSACE sn677
not_imported	29113		sn679	Generic Women Sunglasses Inspired By VERSACE sn679
not_imported	29114		sn680	Generic Women Sunglasses Inspired By VERSACE sn680
not_imported	29119		sn685	Generic Women Sunglasses Inspired By VERSACE sn685
not_imported	29213		DZ4454 + GIFT	Men's Diesel Mega Chief White Leather Chronograph Watch DZ4454 + Gift 
not_imported	29475		AR1828 + GIFT	EMPORIO ARMANI Men's Chronograph Watch AR1828 + Gift perfume Tester 30
not_imported	29481		AR11349 + GIFT	EMPORIO ARMANI Men's Ceramic  Chronograph Watch AR11349 + Gift perfume
not_imported	29482		AR2448 + GIFT	EMPORIO ARMANI Men's Classic Water Resistant Chronograph Watch AR2448 
not_imported	29505		AR1807 + GIFT	EMPORIO ARMANI Men's Leather Analog Watch Ar1807 + Gift perfume Tester
not_imported	29529		AR11348 + GIFT	EMPORIO ARMANI Men's Stainless Steel Analog Watch Ar11348 + Gift perfu
not_imported	29559		sn692	Generic Women Sunglasses Inspired By Fendi sn692
not_imported	29567		sn700	Generic Women Sunglasses Inspired By Fendi sn700
not_imported	29580		sn713	Generic Women Sunglasses Inspired By Fendi sn713
not_imported	29734		1792017	Tommy Hilfiger Watch For Men 1792017
not_imported	29735		1792006	Tommy Hilfiger  Watch For Men1792006
not_imported	29736		AR11560	Emporio Armani AR11560 Men's  Stainless steel Quartz  Analog Wrist Wat
not_imported	29798		Ar0389 + GIFT	EMPORIO ARMANI Men's Metal Analog Wrist Watch AR0389 + Gift perfume Te
not_imported	29845		AR1926 + GIFT	EMPORIO ARMANI Women's Gianni T-Bar Water Resistant Analog Watch AR192
not_imported	29881		thb2	Men Belt By TOMMY HILFIGER &amp; MERCEDES BENZ thb2
not_imported	29882		thb4	Men Belt By TOMMY HILFIGER thb4
not_imported	30065		thw6	Men Wallet By Tommy Hilfiger thw6
not_imported	30108		Ar11164 + GIFT	EMPORIO ARMANI Men's Analog Stainless Steel Wrist Watch AR11164 + Gift
not_imported	30112		Ar1648 + GIFT	Armani Men's Classic Watch For Men AR1648 + Gift perfume tester 30 ml
not_imported	30382		FS4836 + GIFT	Fossil FS4836 Analog White Dial Unisex's Watch + Gift perfume tester 3
not_imported	30628		gw0074g1  + GIFT	GUESS Women's  Stainless Steel Analog  Wrist Watch gw0074g1 + Gift per
not_imported	30709		1791899 + GIFT	Tommy HIlfiger  Watch For Men 1791899 + Gift perfume Tester 30 ml
not_imported	30712		1791917-1 + GIFT	Tommy HIlfiger  Watch  For Men1791917 + Gift perfume Tester 30 ml
not_imported	30714		1791879 + GIFT	Tommy HIlfiger Watch For Men 1791879 + Gift perfume Tester 30 ml
not_imported	30717		1792062 + GIFT	Tommy HIlfiger  Watch For Men 1792062 + Gift perfume Tester 30 ml
not_imported	30750		1513755-1 + GIFT	Hugo Boss Watch For Men 1513755 + Gift perfume Tester 30 ml
not_imported	30784		hbw1	Men Wallet By Hugo Boss hbw1
not_imported	30788		thw14	Men Wallet By Tommy Hilfiger thw14
not_imported	30791		thw18	Men Wallet Inspired By Tommy Hilfiger thw18
not_imported	31025		MF0473G.05	Mini Focus MF0473G.05 Men's  Silicon  Quartz  Analog Wrist Watch
not_imported	31026		MF0473G.04	Mini Focus MF0473G.04 Men's  Silicon  Quartz  Analog Wrist Watch
not_imported	31028		MF0420g.05	Mini Focus MF0420g.05 Men's  Silicon  Quartz  Analog Wrist Watch
not_imported	31043		1791711 + GIFT	Tommy Hilfiger  Watch For Men1791711 + Gift perfume Tester 30 ml
not_imported	31088		1791476+sg1-1	Tommy Hilfiger Multi Dial Quartz Watch for Men with Navy Blue Silicone
not_imported	31089		1791964+sg7-1	Tommy HIlfiger  Watch For Men – 1791964 + sun glasses gift sg7
not_imported	31090		1791399+sg4-1	TOMMY HILFIGER Men’s Kane Water Resistant Analog Watch 1791399+sun gla
not_imported	31092		1791607+sg16-1	TOMMY HILFIGER Men’s HUNTER Leather Band Chronograph Wrist Watch 17916
not_imported	31093		1791398+sg18-1	TOMMY HILFIGERMen’s Kane Chronograph Watch 1791398+sun glasses gift sg
not_imported	31094		1792035+sg6-1	Tommy Hilfiger Watch For Men 1792035+sun glasses gift sg6
not_imported	31095		TH1791474+sg1-1	TOMMY HILFIGER Men’s Decker Water Resistant Analog Watch TH1791474+sun
not_imported	31097		1791788+sg4-1	TOMMY HILFIGERMen’s Mason Round Shape Stainless Steel Analog Wrist Wat
not_imported	31215		AR2448+sg1	EMPORIO ARMANI Men’s Classic Water Resistant Chronograph Watch AR2448 
not_imported	31219		1513878 + sg16	Hugo Boss Watch For Men, 1513878 + Sun glasses gift sg16
not_imported	31221		1710381 + sg6	TOMMY HILFIGER Men’s Daniel Chronograph Watch 1710381 + Sun glasses gi
not_imported	31222		1791291 + sg1	TOMMY HILFIGER Men’s Keagan Analog Watch 1791291 + Sun glasses gift sg
not_imported	31288		W1098L5	GUESS W1098L5 Women's Rubber Quartz  Analog Wrist Watch
not_imported	31290		W0325L5	GUESS W0325L5 Women's Rubber Quartz  Analog Wrist Watch
not_imported	31314		AG8H95X	Alba AG8H95X Men's Leather Quartz  Analog Wrist Watch     Warranty fro
not_imported	31315		AG8H96X	Alba AG8H96X Men's Leather Quartz  Analog Wrist Watch  Warranty from E
not_imported	31321		AG8L91X	Alba AG8L91X Men's Stainless Steel Quartz  Analog Wrist Watch  Warrant
not_imported	31322		AG8L99X	Alba AG8L99X Men's Stainless Steel Quartz  Analog Wrist Watch  Warrant
not_imported	31417		SK1220 Silver*black	SKMEI  Men's Stainless Steel Watch SK1220 Silver-Black
not_imported	31550		sn717	Generic Men Sunglasses Inspired By Carrera sn717
not_imported	31553		sn719-1	Generic Men Sunglasses Inspired By Carrera sn719-1
not_imported	31557		sn723	Generic Men Sunglasses Inspired By Carrera sn723
not_imported	31562		sn728	Generic Women Sunglasses Inspired By Carrera sn728
not_imported	31566		sn732	Generic Men Sunglasses Inspired By Carrera sn732
not_imported	31567		sn733	Generic Men Sunglasses Inspired By Carrera sn733
not_imported	31569		sn735	Generic Men Sunglasses Inspired By Carrera sn735
not_imported	31746		AJ6163X1	Alba AJ6163X1 Men's Stainless steel Quartz Analog Wrist Watch      War
not_imported	31747		AJ6165X	Alba AJ6165X Men's Stainless steel Quartz Analog Wrist Watch      Warr
not_imported	31850		ckbw21	Calvin Klein womens Bag CKBW21
not_imported	31851		ckbw22	Calvin Klein womens Bag CKBW22
not_imported	31852		ckbw23	Calvin Klein womens Bag CKBW23
not_imported	31853		THBW20	TOMMY HILFIGER womens Bag THBW20
not_imported	32342		sn780	Generic Men Sunglasses Inspired By Emporio armani sn780
not_imported	32343		sn781	Generic Men Sunglasses Inspired By Emporio armani sn781
not_imported	32344		sn782	Generic Men Sunglasses Inspired By Emporio armani sn782
not_imported	32444		SL6	Unisex slippers Tommy Hilfiger SL6
not_imported	32516		BUNDLE TH.HB7&amp;THB2	BUNDLE  BELT &amp; HAND BAG BY TOMMY  TH.HB7&amp;THB2
not_imported	32518		BUNDLE TH.HB27&amp;THB2	BUNDLE  BELT &amp; CROSS BAG BY TOMMY  TH.HB27&amp;THB2
not_imported	32519		BUNDLE TH.HB8&amp;THB2	BUNDLE  BELT &amp; HAND BAG BY TOMMY  TH.HB8&amp;THB2
not_imported	32533		cap 111	Cap inspired By DOLCE&amp;GABBANA cap111
not_imported	32762		MK5687-Test-1	MICHAEL KORS Women's Stainless Steel Analog Watch Mk5687
not_imported	32763		MK3844-Test-2	MICHAEL KORS Women's Metal Analog Wrist Watch MK3844
not_imported	32842		THWBJ2	TOMMY HILFIGER Women Cross Bag TOMMY HILFIGER THWBJ2
not_imported	32850		ARWB1	Emporio Armani womens Bag ARWB1
not_imported	32851		ARWB2	Emporio Armani womens Bag ARWB2
not_imported	32852		ARWB3	Emporio Armani womens Bag ARWB3
not_imported	32853		ARWB4	Emporio Armani womens Bag ARWB4
not_imported	32854		ARWB5	Emporio Armani womens Bag ARWB5
not_imported	32855		ARWB6	Emporio Armani womens Bag ARWB6
not_imported	32856		ARWB7	Emporio Armani womens Bag ARWB7
not_imported	32857		ARWB8	Emporio Armani womens Bag ARWB8
not_imported	32858		ARWB9	Emporio Armani womens Bag ARWB9
not_imported	32859		ARWB10	Emporio Armani womens Bag ARWB10
not_imported	33004		AR11463	Emporio Armani Men's Chronograph Round Shape Silicone Strap Watch  AR1
not_imported	33038		1781981	Tommy HilfigerMen's Analog Leather strap Watch 1791964
not_imported	33335		CKWBJ10	CALVIN KLEIN Women Bag CALVIN KLEIN CKWBJ10
not_imported	33737		2011012	Lacoste Watch for Men 2011012
not_imported	33738		2011013	Lacoste Watch for Men 2011013
not_imported	33844		GW0579G3	GUESS  GW0579G3 Women's Silicone  Quartz Analog Wrist Watch
not_imported	33845		GW0571G3	GUESS  GW0571G3 Men's Silicone  Quartz Analog Wrist Watch
not_imported	33846		GW0492G1	GUESS GW0492G1 Men's Silicone  Quartz Analog Wrist Watch
not_imported	33847		GW0539G1	GUESS GW0539G1 Men's Stainless Steel Quartz Analog Wrist Watch
not_imported	34570		sn856	Generic Women Sunglasses inspired by RAYBAN Sn856
not_imported	34589		sn875	Generic Men Sunglasses inspired by RAYBAN Sn875
not_imported	36739		1792083	Tommy Hilfiger Watch For Men 1792083
not_imported	36740		1792082	Tommy Hilfiger Watch For Men 1792082
not_imported	36749		thw30	tommy HILFIGER Men Thw30 wallet
not_imported	36750		thw34	tommy HILFIGER Men Thw34 wallet
not_imported	36751		thw39	tommy HILFIGER Men Thw39 wallet
not_imported	37066		MK4808	Michael Kors Watch for Women MK4808
not_imported	37098		2001269	Lacoste 2001269 Unisex Silicone Quartz Analog Wrist Watch
collision	37338	BF-37338	AR60011	Emporio Armani Watch For Men AR60011
not_imported	37414		DZ-4626	"DZ-4626	Diesel Spiked Chronograph Black Leather Watch"
not_imported	37519		GW0631G2	Guess Men's Watch GW0631G2
not_imported	37520		GW0631G1	Guess Men's Watch GW0631G1
not_imported	37521		FS5834	pilot chronograph smoke stainless steel men's watch fs5834
not_imported	37526		AJ6163X1	Alba AJ6163X1 Men's Stainless steel Quartz Analog Wrist Watch      War
unexplained	37600	BF-37600	ar11507	Emporio Armani Watch For Men AR11507
not_imported	37606		ar11500	Emporio Armani Men's Watch AR11500
not_imported	37894		GUESS BG837706	BOLSA CORDELIA LOGO LUXURY SATCHEL GUESS BG837706 GREY
not_imported	37895		B09R298ZQG	Amara small top handle bag
not_imported	37996		Bag31reo	GUESS SISTERY SHOULDERBAG
collision	38492	BF-38492	SKMEI 1796	SKMEI 1796 Luxury Stainless Steel Small Metal Band Watch Waterproof Sh
not_imported	38521		2011151	Lacoste 2011151 Tiebreaker Chronograph Mens Watch
not_imported	38534		MK4722	Michael Kors Women's Watch MK4722
not_imported	38785		GW0703G1	Guess Watch For Men GW0703G1
not_imported	38831		1710587	Tommy Hilfiger Watch For Men  1710587
not_imported	38852		SG065	Generic Women Sunglasses sg065
not_imported	38853		SG066	Generic Women Sunglasses sg066
not_imported	38854		SG067	Generic Women Sunglasses sg067
not_imported	38857		SG070	Generic Women Sunglasses sg070
not_imported	38858		SG071	Generic Women Sunglasses sg071
not_imported	38859		SG072	Generic Women Sunglasses sg072
not_imported	38860		SG073	Generic Women Sunglasses sg073
not_imported	38861		SG074	Generic Women Sunglasses sg074
not_imported	38862		SG075	Generic Women Sunglasses sg075
not_imported	38863		SG076	Generic Women Sunglasses sg076
not_imported	38864		SG077	Generic Women Sunglasses sg077
not_imported	38865		SG078	Generic Women Sunglasses sg078
not_imported	38866		SG079	Generic Women Sunglasses sg079
not_imported	38994		SG080	Generic Women Sunglasses SG080
not_imported	38995		SG081	Generic Women Sunglasses SG081
not_imported	38996		SG082	Generic Women Sunglasses SG082
not_imported	38997		SG083	Generic Women Sunglasses SG083
not_imported	38998		SG084	Generic Women Sunglasses SG084
not_imported	38999		SG085	Generic Women Sunglasses SG085
not_imported	39000		SG086	Generic Women Sunglasses SG086
not_imported	39001		SG087	Generic Women Sunglasses SG087
not_imported	39002		SG088	Generic Unisex Sunglasses SG088
not_imported	39003		SG089	Generic Women Sunglasses SG089
not_imported	39004		SG090	Generic Unisex Sunglasses SG090
not_imported	39005		SG091	Generic Unisex Sunglasses SG091
not_imported	39006		SG092	Generic Unisex Sunglasses SG092
not_imported	39007		SG093	Generic Men Sunglasses SG093
not_imported	39008		SG094	Generic Men Sunglasses SG094
not_imported	39009		SG095	Generic Men Sunglasses SG095
not_imported	39010		SG096	Generic Men Sunglasses SG096
not_imported	39011		SG097	Generic Men Sunglasses SG097
not_imported	39012		SG098	Generic Men Sunglasses SG098
not_imported	39013		SG099	Generic Men Sunglasses SG099
not_imported	39014		SG100	Generic Men Sunglasses SG100
not_imported	39015		SG101	Generic Men Sunglasses SG101
not_imported	39016		SG102	Generic Men Sunglasses SG102
not_imported	39017		SG103	Generic Women Sunglasses SG103
not_imported	39018		SG104	Generic Women Sunglasses SG104
not_imported	39019		SG105	Generic Women Sunglasses SG105
not_imported	39020		SG106	Generic Unisex Sunglasses SG106
not_imported	39021		SG107	Generic Unisex Sunglasses SG107
not_imported	39022		SG108	Generic Men Sunglasses SG108
not_imported	39023		SG109	Generic Men Sunglasses SG109
not_imported	39024		SG110	Generic Men Sunglasses SG110
not_imported	39025		SG111	Generic Unisex Sunglasses SG111
not_imported	39191		1791932	Tommy Hilfiger Watch For Men 1791932
not_imported	39195		1791890	Tommy Hilfiger  Watch For Men1791890
not_imported	39216		SG112	Generic Women Sunglasses SG112
not_imported	39217		SG113	Generic Women Sunglasses SG113
not_imported	39218		SG114	Generic Women Sunglasses SG114
not_imported	39219		SG115	Generic Women Sunglasses SG115
not_imported	39220		SG116	Generic Women Sunglasses SG116
not_imported	39221		SG117	Generic Women Sunglasses SG117
not_imported	39222		SG118	Generic Women Sunglasses SG118
not_imported	39223		SG119	Generic Women Sunglasses SG119
not_imported	39228		SG124	Generic Men Sunglasses SG124
not_imported	39229		SG125	Generic Men Sunglasses SG125
not_imported	39231		SG127	Generic Women Sunglasses SG127
not_imported	39232		SG128	Generic Women Sunglasses SG128
not_imported	39233		SG129	Generic Women Sunglasses SG129
not_imported	39234		SG130	Generic Women Sunglasses SG130
not_imported	39235		SG131	Generic Women Sunglasses SG131
not_imported	39236		SG132	Generic Unisex Sunglasses SG132
not_imported	39237		SG133	Generic Unisex Sunglasses SG133
not_imported	39239		SG135	Generic Unisex Sunglasses SG135
not_imported	39240		SG136	Generic Unisex Sunglasses SG136
not_imported	39241		SG137	Generic Unisex Sunglasses SG137
not_imported	39242		SG138	Generic Unisex Sunglasses SG138
not_imported	39472		SG139	Generic Men Sunglasses SG139
not_imported	39473		SG140	Generic Men Sunglasses SG140
not_imported	39474		SG141	Generic Men Sunglasses SG141
not_imported	39475		SG142	Generic Men Sunglasses SG142
not_imported	39476		SG143	Generic Men Sunglasses SG143
not_imported	39477		SG145	Generic Men Sunglasses SG145
not_imported	39478		SG146	Generic Men Sunglasses SG146
not_imported	39479		SG147	Generic Men Sunglasses SG147
not_imported	39480		SG148	Generic Men Sunglasses SG148
not_imported	39481		SG149	Generic Men Sunglasses SG149
not_imported	39482		SG150	Generic Men Sunglasses SG150
not_imported	39483		SG151	Generic Men Sunglasses SG151
not_imported	39484		SG152	Generic Men Sunglasses SG152
not_imported	39485		SG153	Generic Men Sunglasses SG153
not_imported	39487		SG155	Generic Men Sunglasses SG155
not_imported	39488		SG156	Generic Men Sunglasses SG156
not_imported	39489		SG157	Generic Men Sunglasses SG157
not_imported	39490		SG158	Generic Men Sunglasses SG158
not_imported	39491		SG159	Generic Men Sunglasses SG159
not_imported	39493		SG161	Generic Women Sunglasses SG161
not_imported	39494		SG162	Generic Women Sunglasses SG162
not_imported	39495		SG163	Generic Women Sunglasses SG163
not_imported	39496		SG164	Generic Women Sunglasses SG164
not_imported	39497		SG165	Generic Women Sunglasses SG165
not_imported	39498		SG166	Generic Women Sunglasses SG166
not_imported	39499		SG167	Generic Women Sunglasses SG167
not_imported	39500		SG168	Generic Women Sunglasses SG168
not_imported	39501		SG169	Generic Women Sunglasses SG169
not_imported	39502		SG170	Generic Women Sunglasses SG170
not_imported	39503		SG171	Generic Women Sunglasses SG171
not_imported	39504		SG172	Generic Women Sunglasses SG172
not_imported	39505		SG173	Generic Women Sunglasses SG173
not_imported	39506		SG174	Generic Women Sunglasses SG174
not_imported	39507		SG175	Generic Women Sunglasses SG175
not_imported	39508		SG176	Generic Women Sunglasses SG176
not_imported	39509		SG177	Generic Women Sunglasses SG177
not_imported	39510		SG178	Generic Women Sunglasses SG178
not_imported	39511		SG179	Generic Women Sunglasses SG179
not_imported	39512		SG180	Generic Women Sunglasses SG180
not_imported	39513		SG181	Generic Women Sunglasses SG181
not_imported	39514		SG182	Generic Women Sunglasses SG182
not_imported	39515		SG183	Generic Women Sunglasses SG183
not_imported	39970		PU65	Coco Mademoiselle by Chanel EDP for Women
not_imported	39971		PU66	Spicebomb Infinite Pour Homme Eau de Toilette by Viktor &amp; Rolf for
not_imported	39972		PU67	Jean Paul Gaultier Le Male Ultra by Jean Paul Gaultier Perfumes Fragra
not_imported	40046		SG184	Generic Women Sunglasses SG184
not_imported	40047		SG185	Generic Women Sunglasses SG185
not_imported	40048		SG186	Generic Women Sunglasses SG186
not_imported	40049		SG187	Generic Women Sunglasses SG187
not_imported	40050		SG188	Generic Women Sunglasses SG188
not_imported	40051		SG189	Generic Women Sunglasses SG189
not_imported	40052		SG190	Generic Women Sunglasses SG190
not_imported	40053		SG191	Generic Women Sunglasses SG191
not_imported	40054		SG192	Generic Women Sunglasses SG192
not_imported	40055		SG193	Generic Women Sunglasses SG193
not_imported	40056		SG194	Generic Women Sunglasses SG194
not_imported	40057		SG195	Generic Men Sunglasses SG195
not_imported	40058		SG196	Generic Men Sunglasses SG196
not_imported	40059		SG197	Generic Men Sunglasses SG197
not_imported	40060		SG198	Generic Men Sunglasses SG198
not_imported	40061		SG199	Generic Men Sunglasses SG199
not_imported	40062		SG200	Generic Men Sunglasses SG200
not_imported	40063		SG201	Generic Men Sunglasses SG201
not_imported	40064		SG202	Generic Men Sunglasses SG202
not_imported	40065		SG203	Generic Women Sunglasses SG203
not_imported	40066		SG204	Generic Women Sunglasses SG204
not_imported	40067		SG205	Generic Women Sunglasses SG205
not_imported	40068		SG206	Generic Women Sunglasses SG206
not_imported	40069		SG207	Generic Women Sunglasses SG207
not_imported	40070		SG208	Generic Women Sunglasses SG208
not_imported	40071		SG209	Generic Women Sunglasses SG209
not_imported	40072		SG210	Generic Women Sunglasses SG210
not_imported	40200		AR11288	Emporio Armani Watch For Men AR11288
not_imported	40947		JC1L046M0295	Watch for Women by Just Cavalli, Model JC1L046M0295, Analog with Silve
not_imported	40948		JC1L195M0395	Just Cavalli Stainless Steel Analog Women's Watch JC1L195M0395
not_imported	41529		MK4809	Michael Kors Women's Watch MK4809
not_imported	41652		1792087	Tommy Hilfiger Watch For  Men 1792087
not_imported	41653		1792089	Tommy Hilfiger Watch For Men 1792089
not_imported	41654		1792088	Tommy Hilfiger  Watch For Men 1792088
not_imported	41657		1710610	Tommy Hilfiger  Watch For Men 1710610
not_imported	41658		1710609	Tommy Hilfiger  Watch For Men 1710609
not_imported	41659		1710608	Tommy Hilfiger  Watch For Men 1710608
not_imported	41820		1792077	Tommy Hilfiger Watch For  Men 1792077
not_imported	41821		1791391	Tommy Hilfiger Men's 'SPORT' Quartz Stainless Steel and Leather Casual
not_imported	41921		1710585	Tommy Hilfiger Watch For Men  1710585
not_imported	41922		1710605	Tommy Hilfiger  Watch For Men  1710605
not_imported	41940		1791722 -T	Tommy Hilfiger Watch For Men  1791722
not_imported	41941		1791898 - T	Tommy Hilfiger  Watch For Men- 1791898
not_imported	42705		PU70-1	212 VIP Men by Carolina Herrera Eau de Parfum for Men, 100ml, Limited 
not_imported	43814		MK 4724	Michael Kors Watch For Women MK4724
not_imported	43821		MK 4725	Michael Kors Watch For Women MK4725
not_imported	43878		MK4744	Michael Kors Watch for Women MK4744
not_imported	43882		MK4742	Michael Kors Watch for Women MK4742
collision	44192	BF-44192	Ar 5988	EMPORIO ARMANI Men's Water Resistant Chronograph Watch AR5988 Copy
not_imported	44313		AR11196-1	Emporio Armani Watch For Women AR11196 (Copy)
not_imported	44462		AR11562	Emporio Armani Watch For Men AR11562
too_long	47036	BF-47036	هذه النظارات الشمسية مصنوعة من مواد عالية الجودة، وهي متينة بما يكفي ل	Generic men sunglasses  SG819
not_imported	47408		MF0492.1	Mini Focus Quartz Watch for Men Stainless Steel and Silver Blue MF0492
not_imported	47507		1792106	Tommy Hilfiger Watch For Men   1792106
not_imported	47522		1792104	Tommy Hilfiger Watch For Men 1792104
not_imported	47591		1792110	Tommy Hilfiger Watch For Men   1792110
not_imported	48736		1792002	Tommy Hilfiger  Watch For Men1792002
not_imported	51202		Casio007	Casio Watch for Men-Casio007
not_imported	51205		Casio008	Casio Watch for Men-Casio008
not_imported	51584		1792116	Tommy Hilfiger Watch  For Men- 1792116
not_imported	51592		1792117	Tommy Hilfiger Watch For Men - 1792117
not_imported	51607		1792119	Tommy Hilfiger Watch For Men  - 1792119
not_imported	51889		1792120	Tommy Hilfiger Watch For Men 1792120
not_imported	51903		1792121	Tommy Hilfiger Watch For Men 1792121
not_imported	51910		1792122	Tommy Hilfiger  Watch For Men 1792122
not_imported	52076		R8853139002	Maserati Watch For Men R8873600002
not_imported	52905		Guess001	Guess Wallet for Women
not_imported	56859		1502647-1	Original Hugo Boss Watch For men With black dial   1502647 (Copy)
not_imported	57560		th-set-004-1	Tommy Hilfiger Set is a Men's Wallet and a Classic Black Belt
not_imported	57843		1792157	Tommy HIlfiger Watch For Men -1792187
not_imported	57849		1792188	Tommy HIlfiger Watch For Men -1792188
not_imported	57855		1792163	Tommy HIlfiger Watch For Men -1792166
not_imported	57900		AP001	AP WATCH FOR MEN - AP001
not_imported	57904		AP002	AP WATCH FOR MEN - AP002
not_imported	57908		AP003	AP WATCH FOR MEN - AP003
not_imported	57911		AP004	AP WATCH FOR MEN - AP004
not_imported	57914		AP005-1	AP WATCH FOR MEN - AP005
not_imported	57917		AP006-1-1	AP WATCH FOR MEN - AP006
not_imported	57920		AP007	AP WATCH FOR MEN - AP007
not_imported	57924		AP008	AP WATCH FOR MEN - AP008
not_imported	57927		AP009	AP WATCH FOR MEN - AP009
not_imported	57947		AP0.017	AP WATCH FOR MEN - AP0.017
not_imported	57951		AP0.019	AP WATCH FOR MEN - AP0.019
not_imported	57953		AP0.020	AP WATCH FOR MEN - AP0.020
not_imported	57955		AP0.021	AP WATCH FOR MEN - AP0.021
not_imported	58066		MK7328	Michael Kors Watch for men MK7328
not_imported	58078		MK6141-1	Michael Kors Watch for Women
not_imported	58139		]MK4871	Michael Kors Watch for Women MK4871
not_imported	58149		1710645	Tommy HIlfiger Watch For Men 1710645
not_imported	58154		1710647	Tommy HIlfiger Watch For Men - 1710647
not_imported	58157		1710648	Tommy HIlfiger Watch For Men 1710648
not_imported	58205		GW0202G3-1	GUESS Men's Watch GW0499G6
not_imported	58273		HWQB83 77060-1	BORSETTA GUESS HWQB83 77060 BROWN LOGO (Copy)
not_imported	58352		BAG0101-1	GUESS Shoulder bag for women
not_imported	59008		1792168	TOMMY HILFIGERMen's Watch 1792168
not_imported	59012		1792169	TOMMY HILFIGERMen's Watch 1792169
not_imported	59098		ES5400-1	FOSSILWomen's Watch ES5400 (Copy)
not_imported	59123		1792185	Tommy HIlfiger Watch For Men 1792185
not_imported	59127		1792115	Tommy HIlfiger Watch For Men 1792115
not_imported	59135		1710620	Tommy HIlfiger Watch For Men 1710620
not_imported	59138		1792113	Tommy HIlfiger Watch For Men 1792113
not_imported	59141		1792114	Tommy HIlfiger Watch For Men 1792114
not_imported	59145		1792186	Tommy HIlfiger Watch For Men 1792186
not_imported	59152		1792112	Tommy Hilfiger Blue Watch for Men 1792112
not_imported	59157		1792111	Tommy HIlfiger Watch For Men 1792111
not_imported	59175		MK4721	Michael Kors Watch for Women MK4721
not_imported	59363		1710588	Tommy Hilfigr Watch For Men 1710569
not_imported	59366		1710569	Tommy Hilfigr Watch For Men 1710588
not_imported	59392		1792008	Tommy HIlfiger Watch For Men 1792008
not_imported	59395		1791968	Tommy HIlfiger Watch For Men 1791968
not_imported	59398		1792059	Tommy HIlfiger Watch For Men 1792059
unexplained	59434	BF-59434	1514217	Hugo Boss Watch For Men 1514217
not_imported	59530		RO001	Rolex Watch For Men RO001
not_imported	59540		RO002	Rolex Watch For Men RO002
not_imported	59543		RO003	Rolex Watch For Men RO003
not_imported	59545		RO004	Rolex Watch For Men RO004
not_imported	59547		RO005	Rolex Watch For Men RO005
not_imported	59549		RO006	Rolex Watch For Men RO006
not_imported	59551		RO007	Rolex Watch For Men RO007
not_imported	59553		RO008	Rolex Watch For Men RO008
not_imported	59555		RO009	Rolex Watch For Men RO009
not_imported	63579		AW0AW16510	Tommy Hilfiger Black Women Shoulder Bag Aw0Aw16510 – Elegant Everyday 
not_imported	63601		Hwesg951320	Guess Black Women Shoulder Bag Hwesg951320 – Elegant Everyday Shoulder
not_imported	64326		Aw0Aw16002	Tommy Hilfiger Black Leather Women Handbag Aw0Aw16002– Elegant Everyda
not_imported	64529		Aw0Aw14499	Tommy Hilfiger Beige Leather Women Handbag Aw0Aw14499 – Elegant Everyd
